[2025-02-19 12:03:35] local.ERROR: View [home.php] not found. {"exception":"[object] (InvalidArgumentException(code: 0): View [home.php] not found. at D:\\Scuola\\TERZA\\M306\\Progetto 2 M306\\Fyt\\5_Applicativo\\Fyt\\vendor\\laravel\\framework\\src\\Illuminate\\View\\FileViewFinder.php:139)
[stacktrace]
#0 D:\\Scuola\\TERZA\\M306\\Progetto 2 M306\\Fyt\\5_Applicativo\\Fyt\\vendor\\laravel\\framework\\src\\Illuminate\\View\\FileViewFinder.php(79): Illuminate\\View\\FileViewFinder->findInPaths('home.php', Array)
#1 D:\\Scuola\\TERZA\\M306\\Progetto 2 M306\\Fyt\\5_Applicativo\\Fyt\\vendor\\laravel\\framework\\src\\Illuminate\\View\\Factory.php(151): Illuminate\\View\\FileViewFinder->find('home.php')
#2 D:\\Scuola\\TERZA\\M306\\Progetto 2 M306\\Fyt\\5_Applicativo\\Fyt\\vendor\\laravel\\framework\\src\\Illuminate\\Foundation\\helpers.php(1062): Illuminate\\View\\Factory->make('home.php', Array, Array)
#3 D:\\Scuola\\TERZA\\M306\\Progetto 2 M306\\Fyt\\5_Applicativo\\Fyt\\routes\\web.php(6): view('home.php')
#4 D:\\Scuola\\TERZA\\M306\\Progetto 2 M306\\Fyt\\5_Applicativo\\Fyt\\vendor\\laravel\\framework\\src\\Illuminate\\Routing\\CallableDispatcher.php(40): Illuminate\\Routing\\RouteFileRegistrar->{closure}()
#5 D:\\Scuola\\TERZA\\M306\\Progetto 2 M306\\Fyt\\5_Applicativo\\Fyt\\vendor\\laravel\\framework\\src\\Illuminate\\Routing\\Route.php(244): Illuminate\\Routing\\CallableDispatcher->dispatch(Object(Illuminate\\Routing\\Route), Object(Closure))
#6 D:\\Scuola\\TERZA\\M306\\Progetto 2 M306\\Fyt\\5_Applicativo\\Fyt\\vendor\\laravel\\framework\\src\\Illuminate\\Routing\\Route.php(215): Illuminate\\Routing\\Route->runCallable()
#7 D:\\Scuola\\TERZA\\M306\\Progetto 2 M306\\Fyt\\5_Applicativo\\Fyt\\vendor\\laravel\\framework\\src\\Illuminate\\Routing\\Router.php(808): Illuminate\\Routing\\Route->run()
#8 D:\\Scuola\\TERZA\\M306\\Progetto 2 M306\\Fyt\\5_Applicativo\\Fyt\\vendor\\laravel\\framework\\src\\Illuminate\\Pipeline\\Pipeline.php(170): Illuminate\\Routing\\Router->Illuminate\\Routing\\{closure}(Object(Illuminate\\Http\\Request))
#9 D:\\Scuola\\TERZA\\M306\\Progetto 2 M306\\Fyt\\5_Applicativo\\Fyt\\vendor\\laravel\\framework\\src\\Illuminate\\Routing\\Middleware\\SubstituteBindings.php(51): Illuminate\\Pipeline\\Pipeline->Illuminate\\Pipeline\\{closure}(Object(Illuminate\\Http\\Request))
#10 D:\\Scuola\\TERZA\\M306\\Progetto 2 M306\\Fyt\\5_Applicativo\\Fyt\\vendor\\laravel\\framework\\src\\Illuminate\\Pipeline\\Pipeline.php(209): Illuminate\\Routing\\Middleware\\SubstituteBindings->handle(Object(Illuminate\\Http\\Request), Object(Closure))
#11 D:\\Scuola\\TERZA\\M306\\Progetto 2 M306\\Fyt\\5_Applicativo\\Fyt\\vendor\\laravel\\framework\\src\\Illuminate\\Foundation\\Http\\Middleware\\VerifyCsrfToken.php(88): Illuminate\\Pipeline\\Pipeline->Illuminate\\Pipeline\\{closure}(Object(Illuminate\\Http\\Request))
#12 D:\\Scuola\\TERZA\\M306\\Progetto 2 M306\\Fyt\\5_Applicativo\\Fyt\\vendor\\laravel\\framework\\src\\Illuminate\\Pipeline\\Pipeline.php(209): Illuminate\\Foundation\\Http\\Middleware\\VerifyCsrfToken->handle(Object(Illuminate\\Http\\Request), Object(Closure))
#13 D:\\Scuola\\TERZA\\M306\\Progetto 2 M306\\Fyt\\5_Applicativo\\Fyt\\vendor\\laravel\\framework\\src\\Illuminate\\View\\Middleware\\ShareErrorsFromSession.php(49): Illuminate\\Pipeline\\Pipeline->Illuminate\\Pipeline\\{closure}(Object(Illuminate\\Http\\Request))
#14 D:\\Scuola\\TERZA\\M306\\Progetto 2 M306\\Fyt\\5_Applicativo\\Fyt\\vendor\\laravel\\framework\\src\\Illuminate\\Pipeline\\Pipeline.php(209): Illuminate\\View\\Middleware\\ShareErrorsFromSession->handle(Object(Illuminate\\Http\\Request), Object(Closure))
#15 D:\\Scuola\\TERZA\\M306\\Progetto 2 M306\\Fyt\\5_Applicativo\\Fyt\\vendor\\laravel\\framework\\src\\Illuminate\\Session\\Middleware\\StartSession.php(121): Illuminate\\Pipeline\\Pipeline->Illuminate\\Pipeline\\{closure}(Object(Illuminate\\Http\\Request))
#16 D:\\Scuola\\TERZA\\M306\\Progetto 2 M306\\Fyt\\5_Applicativo\\Fyt\\vendor\\laravel\\framework\\src\\Illuminate\\Session\\Middleware\\StartSession.php(64): Illuminate\\Session\\Middleware\\StartSession->handleStatefulRequest(Object(Illuminate\\Http\\Request), Object(Illuminate\\Session\\Store), Object(Closure))
#17 D:\\Scuola\\TERZA\\M306\\Progetto 2 M306\\Fyt\\5_Applicativo\\Fyt\\vendor\\laravel\\framework\\src\\Illuminate\\Pipeline\\Pipeline.php(209): Illuminate\\Session\\Middleware\\StartSession->handle(Object(Illuminate\\Http\\Request), Object(Closure))
#18 D:\\Scuola\\TERZA\\M306\\Progetto 2 M306\\Fyt\\5_Applicativo\\Fyt\\vendor\\laravel\\framework\\src\\Illuminate\\Cookie\\Middleware\\AddQueuedCookiesToResponse.php(37): Illuminate\\Pipeline\\Pipeline->Illuminate\\Pipeline\\{closure}(Object(Illuminate\\Http\\Request))
#19 D:\\Scuola\\TERZA\\M306\\Progetto 2 M306\\Fyt\\5_Applicativo\\Fyt\\vendor\\laravel\\framework\\src\\Illuminate\\Pipeline\\Pipeline.php(209): Illuminate\\Cookie\\Middleware\\AddQueuedCookiesToResponse->handle(Object(Illuminate\\Http\\Request), Object(Closure))
#20 D:\\Scuola\\TERZA\\M306\\Progetto 2 M306\\Fyt\\5_Applicativo\\Fyt\\vendor\\laravel\\framework\\src\\Illuminate\\Cookie\\Middleware\\EncryptCookies.php(75): Illuminate\\Pipeline\\Pipeline->Illuminate\\Pipeline\\{closure}(Object(Illuminate\\Http\\Request))
#21 D:\\Scuola\\TERZA\\M306\\Progetto 2 M306\\Fyt\\5_Applicativo\\Fyt\\vendor\\laravel\\framework\\src\\Illuminate\\Pipeline\\Pipeline.php(209): Illuminate\\Cookie\\Middleware\\EncryptCookies->handle(Object(Illuminate\\Http\\Request), Object(Closure))
#22 D:\\Scuola\\TERZA\\M306\\Progetto 2 M306\\Fyt\\5_Applicativo\\Fyt\\vendor\\laravel\\framework\\src\\Illuminate\\Pipeline\\Pipeline.php(127): Illuminate\\Pipeline\\Pipeline->Illuminate\\Pipeline\\{closure}(Object(Illuminate\\Http\\Request))
#23 D:\\Scuola\\TERZA\\M306\\Progetto 2 M306\\Fyt\\5_Applicativo\\Fyt\\vendor\\laravel\\framework\\src\\Illuminate\\Routing\\Router.php(807): Illuminate\\Pipeline\\Pipeline->then(Object(Closure))
#24 D:\\Scuola\\TERZA\\M306\\Progetto 2 M306\\Fyt\\5_Applicativo\\Fyt\\vendor\\laravel\\framework\\src\\Illuminate\\Routing\\Router.php(786): Illuminate\\Routing\\Router->runRouteWithinStack(Object(Illuminate\\Routing\\Route), Object(Illuminate\\Http\\Request))
#25 D:\\Scuola\\TERZA\\M306\\Progetto 2 M306\\Fyt\\5_Applicativo\\Fyt\\vendor\\laravel\\framework\\src\\Illuminate\\Routing\\Router.php(750): Illuminate\\Routing\\Router->runRoute(Object(Illuminate\\Http\\Request), Object(Illuminate\\Routing\\Route))
#26 D:\\Scuola\\TERZA\\M306\\Progetto 2 M306\\Fyt\\5_Applicativo\\Fyt\\vendor\\laravel\\framework\\src\\Illuminate\\Routing\\Router.php(739): Illuminate\\Routing\\Router->dispatchToRoute(Object(Illuminate\\Http\\Request))
#27 D:\\Scuola\\TERZA\\M306\\Progetto 2 M306\\Fyt\\5_Applicativo\\Fyt\\vendor\\laravel\\framework\\src\\Illuminate\\Foundation\\Http\\Kernel.php(201): Illuminate\\Routing\\Router->dispatch(Object(Illuminate\\Http\\Request))
#28 D:\\Scuola\\TERZA\\M306\\Progetto 2 M306\\Fyt\\5_Applicativo\\Fyt\\vendor\\laravel\\framework\\src\\Illuminate\\Pipeline\\Pipeline.php(170): Illuminate\\Foundation\\Http\\Kernel->Illuminate\\Foundation\\Http\\{closure}(Object(Illuminate\\Http\\Request))
#29 D:\\Scuola\\TERZA\\M306\\Progetto 2 M306\\Fyt\\5_Applicativo\\Fyt\\vendor\\laravel\\framework\\src\\Illuminate\\Foundation\\Http\\Middleware\\TransformsRequest.php(21): Illuminate\\Pipeline\\Pipeline->Illuminate\\Pipeline\\{closure}(Object(Illuminate\\Http\\Request))
#30 D:\\Scuola\\TERZA\\M306\\Progetto 2 M306\\Fyt\\5_Applicativo\\Fyt\\vendor\\laravel\\framework\\src\\Illuminate\\Foundation\\Http\\Middleware\\ConvertEmptyStringsToNull.php(31): Illuminate\\Foundation\\Http\\Middleware\\TransformsRequest->handle(Object(Illuminate\\Http\\Request), Object(Closure))
#31 D:\\Scuola\\TERZA\\M306\\Progetto 2 M306\\Fyt\\5_Applicativo\\Fyt\\vendor\\laravel\\framework\\src\\Illuminate\\Pipeline\\Pipeline.php(209): Illuminate\\Foundation\\Http\\Middleware\\ConvertEmptyStringsToNull->handle(Object(Illuminate\\Http\\Request), Object(Closure))
#32 D:\\Scuola\\TERZA\\M306\\Progetto 2 M306\\Fyt\\5_Applicativo\\Fyt\\vendor\\laravel\\framework\\src\\Illuminate\\Foundation\\Http\\Middleware\\TransformsRequest.php(21): Illuminate\\Pipeline\\Pipeline->Illuminate\\Pipeline\\{closure}(Object(Illuminate\\Http\\Request))
#33 D:\\Scuola\\TERZA\\M306\\Progetto 2 M306\\Fyt\\5_Applicativo\\Fyt\\vendor\\laravel\\framework\\src\\Illuminate\\Foundation\\Http\\Middleware\\TrimStrings.php(51): Illuminate\\Foundation\\Http\\Middleware\\TransformsRequest->handle(Object(Illuminate\\Http\\Request), Object(Closure))
#34 D:\\Scuola\\TERZA\\M306\\Progetto 2 M306\\Fyt\\5_Applicativo\\Fyt\\vendor\\laravel\\framework\\src\\Illuminate\\Pipeline\\Pipeline.php(209): Illuminate\\Foundation\\Http\\Middleware\\TrimStrings->handle(Object(Illuminate\\Http\\Request), Object(Closure))
#35 D:\\Scuola\\TERZA\\M306\\Progetto 2 M306\\Fyt\\5_Applicativo\\Fyt\\vendor\\laravel\\framework\\src\\Illuminate\\Http\\Middleware\\ValidatePostSize.php(27): Illuminate\\Pipeline\\Pipeline->Illuminate\\Pipeline\\{closure}(Object(Illuminate\\Http\\Request))
#36 D:\\Scuola\\TERZA\\M306\\Progetto 2 M306\\Fyt\\5_Applicativo\\Fyt\\vendor\\laravel\\framework\\src\\Illuminate\\Pipeline\\Pipeline.php(209): Illuminate\\Http\\Middleware\\ValidatePostSize->handle(Object(Illuminate\\Http\\Request), Object(Closure))
#37 D:\\Scuola\\TERZA\\M306\\Progetto 2 M306\\Fyt\\5_Applicativo\\Fyt\\vendor\\laravel\\framework\\src\\Illuminate\\Foundation\\Http\\Middleware\\PreventRequestsDuringMaintenance.php(110): Illuminate\\Pipeline\\Pipeline->Illuminate\\Pipeline\\{closure}(Object(Illuminate\\Http\\Request))
#38 D:\\Scuola\\TERZA\\M306\\Progetto 2 M306\\Fyt\\5_Applicativo\\Fyt\\vendor\\laravel\\framework\\src\\Illuminate\\Pipeline\\Pipeline.php(209): Illuminate\\Foundation\\Http\\Middleware\\PreventRequestsDuringMaintenance->handle(Object(Illuminate\\Http\\Request), Object(Closure))
#39 D:\\Scuola\\TERZA\\M306\\Progetto 2 M306\\Fyt\\5_Applicativo\\Fyt\\vendor\\laravel\\framework\\src\\Illuminate\\Http\\Middleware\\HandleCors.php(49): Illuminate\\Pipeline\\Pipeline->Illuminate\\Pipeline\\{closure}(Object(Illuminate\\Http\\Request))
#40 D:\\Scuola\\TERZA\\M306\\Progetto 2 M306\\Fyt\\5_Applicativo\\Fyt\\vendor\\laravel\\framework\\src\\Illuminate\\Pipeline\\Pipeline.php(209): Illuminate\\Http\\Middleware\\HandleCors->handle(Object(Illuminate\\Http\\Request), Object(Closure))
#41 D:\\Scuola\\TERZA\\M306\\Progetto 2 M306\\Fyt\\5_Applicativo\\Fyt\\vendor\\laravel\\framework\\src\\Illuminate\\Http\\Middleware\\TrustProxies.php(58): Illuminate\\Pipeline\\Pipeline->Illuminate\\Pipeline\\{closure}(Object(Illuminate\\Http\\Request))
#42 D:\\Scuola\\TERZA\\M306\\Progetto 2 M306\\Fyt\\5_Applicativo\\Fyt\\vendor\\laravel\\framework\\src\\Illuminate\\Pipeline\\Pipeline.php(209): Illuminate\\Http\\Middleware\\TrustProxies->handle(Object(Illuminate\\Http\\Request), Object(Closure))
#43 D:\\Scuola\\TERZA\\M306\\Progetto 2 M306\\Fyt\\5_Applicativo\\Fyt\\vendor\\laravel\\framework\\src\\Illuminate\\Foundation\\Http\\Middleware\\InvokeDeferredCallbacks.php(22): Illuminate\\Pipeline\\Pipeline->Illuminate\\Pipeline\\{closure}(Object(Illuminate\\Http\\Request))
#44 D:\\Scuola\\TERZA\\M306\\Progetto 2 M306\\Fyt\\5_Applicativo\\Fyt\\vendor\\laravel\\framework\\src\\Illuminate\\Pipeline\\Pipeline.php(209): Illuminate\\Foundation\\Http\\Middleware\\InvokeDeferredCallbacks->handle(Object(Illuminate\\Http\\Request), Object(Closure))
#45 D:\\Scuola\\TERZA\\M306\\Progetto 2 M306\\Fyt\\5_Applicativo\\Fyt\\vendor\\laravel\\framework\\src\\Illuminate\\Pipeline\\Pipeline.php(127): Illuminate\\Pipeline\\Pipeline->Illuminate\\Pipeline\\{closure}(Object(Illuminate\\Http\\Request))
#46 D:\\Scuola\\TERZA\\M306\\Progetto 2 M306\\Fyt\\5_Applicativo\\Fyt\\vendor\\laravel\\framework\\src\\Illuminate\\Foundation\\Http\\Kernel.php(176): Illuminate\\Pipeline\\Pipeline->then(Object(Closure))
#47 D:\\Scuola\\TERZA\\M306\\Progetto 2 M306\\Fyt\\5_Applicativo\\Fyt\\vendor\\laravel\\framework\\src\\Illuminate\\Foundation\\Http\\Kernel.php(145): Illuminate\\Foundation\\Http\\Kernel->sendRequestThroughRouter(Object(Illuminate\\Http\\Request))
#48 D:\\Scuola\\TERZA\\M306\\Progetto 2 M306\\Fyt\\5_Applicativo\\Fyt\\vendor\\laravel\\framework\\src\\Illuminate\\Foundation\\Application.php(1220): Illuminate\\Foundation\\Http\\Kernel->handle(Object(Illuminate\\Http\\Request))
#49 D:\\Scuola\\TERZA\\M306\\Progetto 2 M306\\Fyt\\5_Applicativo\\Fyt\\public\\index.php(17): Illuminate\\Foundation\\Application->handleRequest(Object(Illuminate\\Http\\Request))
#50 D:\\Scuola\\TERZA\\M306\\Progetto 2 M306\\Fyt\\5_Applicativo\\Fyt\\vendor\\laravel\\framework\\src\\Illuminate\\Foundation\\resources\\server.php(23): require_once('D:\\\\Scuola\\\\TERZA...')
#51 {main}
"} 
[2025-02-26 14:58:08] local.ERROR: View [template.header] not found. (View: D:\Scuola\TERZA\M306\Progetto 2 M306\Fyt\5_Applicativo\resources\views\catalogo.blade.php) {"exception":"[object] (Illuminate\\View\\ViewException(code: 0): View [template.header] not found. (View: D:\\Scuola\\TERZA\\M306\\Progetto 2 M306\\Fyt\\5_Applicativo\\resources\\views\\catalogo.blade.php) at D:\\Scuola\\TERZA\\M306\\Progetto 2 M306\\Fyt\\5_Applicativo\\vendor\\laravel\\framework\\src\\Illuminate\\View\\FileViewFinder.php:139)
[stacktrace]
#0 D:\\Scuola\\TERZA\\M306\\Progetto 2 M306\\Fyt\\5_Applicativo\\vendor\\laravel\\framework\\src\\Illuminate\\View\\Engines\\PhpEngine.php(60): Illuminate\\View\\Engines\\CompilerEngine->handleViewException(Object(InvalidArgumentException), 1)
#1 D:\\Scuola\\TERZA\\M306\\Progetto 2 M306\\Fyt\\5_Applicativo\\vendor\\laravel\\framework\\src\\Illuminate\\View\\Engines\\CompilerEngine.php(75): Illuminate\\View\\Engines\\PhpEngine->evaluatePath('D:\\\\Scuola\\\\TERZA...', Array)
#2 D:\\Scuola\\TERZA\\M306\\Progetto 2 M306\\Fyt\\5_Applicativo\\vendor\\laravel\\framework\\src\\Illuminate\\View\\View.php(209): Illuminate\\View\\Engines\\CompilerEngine->get('D:\\\\Scuola\\\\TERZA...', Array)
#3 D:\\Scuola\\TERZA\\M306\\Progetto 2 M306\\Fyt\\5_Applicativo\\vendor\\laravel\\framework\\src\\Illuminate\\View\\View.php(192): Illuminate\\View\\View->getContents()
#4 D:\\Scuola\\TERZA\\M306\\Progetto 2 M306\\Fyt\\5_Applicativo\\vendor\\laravel\\framework\\src\\Illuminate\\View\\View.php(161): Illuminate\\View\\View->renderContents()
#5 D:\\Scuola\\TERZA\\M306\\Progetto 2 M306\\Fyt\\5_Applicativo\\vendor\\laravel\\framework\\src\\Illuminate\\Http\\Response.php(79): Illuminate\\View\\View->render()
#6 D:\\Scuola\\TERZA\\M306\\Progetto 2 M306\\Fyt\\5_Applicativo\\vendor\\laravel\\framework\\src\\Illuminate\\Http\\Response.php(35): Illuminate\\Http\\Response->setContent(Object(Illuminate\\View\\View))
#7 D:\\Scuola\\TERZA\\M306\\Progetto 2 M306\\Fyt\\5_Applicativo\\vendor\\laravel\\framework\\src\\Illuminate\\Routing\\Router.php(920): Illuminate\\Http\\Response->__construct(Object(Illuminate\\View\\View), 200, Array)
#8 D:\\Scuola\\TERZA\\M306\\Progetto 2 M306\\Fyt\\5_Applicativo\\vendor\\laravel\\framework\\src\\Illuminate\\Routing\\Router.php(887): Illuminate\\Routing\\Router::toResponse(Object(Illuminate\\Http\\Request), Object(Illuminate\\View\\View))
#9 D:\\Scuola\\TERZA\\M306\\Progetto 2 M306\\Fyt\\5_Applicativo\\vendor\\laravel\\framework\\src\\Illuminate\\Routing\\Router.php(807): Illuminate\\Routing\\Router->prepareResponse(Object(Illuminate\\Http\\Request), Object(Illuminate\\View\\View))
#10 D:\\Scuola\\TERZA\\M306\\Progetto 2 M306\\Fyt\\5_Applicativo\\vendor\\laravel\\framework\\src\\Illuminate\\Pipeline\\Pipeline.php(170): Illuminate\\Routing\\Router->Illuminate\\Routing\\{closure}(Object(Illuminate\\Http\\Request))
#11 D:\\Scuola\\TERZA\\M306\\Progetto 2 M306\\Fyt\\5_Applicativo\\vendor\\laravel\\framework\\src\\Illuminate\\Routing\\Middleware\\SubstituteBindings.php(51): Illuminate\\Pipeline\\Pipeline->Illuminate\\Pipeline\\{closure}(Object(Illuminate\\Http\\Request))
#12 D:\\Scuola\\TERZA\\M306\\Progetto 2 M306\\Fyt\\5_Applicativo\\vendor\\laravel\\framework\\src\\Illuminate\\Pipeline\\Pipeline.php(209): Illuminate\\Routing\\Middleware\\SubstituteBindings->handle(Object(Illuminate\\Http\\Request), Object(Closure))
#13 D:\\Scuola\\TERZA\\M306\\Progetto 2 M306\\Fyt\\5_Applicativo\\vendor\\laravel\\framework\\src\\Illuminate\\Foundation\\Http\\Middleware\\VerifyCsrfToken.php(88): Illuminate\\Pipeline\\Pipeline->Illuminate\\Pipeline\\{closure}(Object(Illuminate\\Http\\Request))
#14 D:\\Scuola\\TERZA\\M306\\Progetto 2 M306\\Fyt\\5_Applicativo\\vendor\\laravel\\framework\\src\\Illuminate\\Pipeline\\Pipeline.php(209): Illuminate\\Foundation\\Http\\Middleware\\VerifyCsrfToken->handle(Object(Illuminate\\Http\\Request), Object(Closure))
#15 D:\\Scuola\\TERZA\\M306\\Progetto 2 M306\\Fyt\\5_Applicativo\\vendor\\laravel\\framework\\src\\Illuminate\\View\\Middleware\\ShareErrorsFromSession.php(49): Illuminate\\Pipeline\\Pipeline->Illuminate\\Pipeline\\{closure}(Object(Illuminate\\Http\\Request))
#16 D:\\Scuola\\TERZA\\M306\\Progetto 2 M306\\Fyt\\5_Applicativo\\vendor\\laravel\\framework\\src\\Illuminate\\Pipeline\\Pipeline.php(209): Illuminate\\View\\Middleware\\ShareErrorsFromSession->handle(Object(Illuminate\\Http\\Request), Object(Closure))
#17 D:\\Scuola\\TERZA\\M306\\Progetto 2 M306\\Fyt\\5_Applicativo\\vendor\\laravel\\framework\\src\\Illuminate\\Session\\Middleware\\StartSession.php(121): Illuminate\\Pipeline\\Pipeline->Illuminate\\Pipeline\\{closure}(Object(Illuminate\\Http\\Request))
#18 D:\\Scuola\\TERZA\\M306\\Progetto 2 M306\\Fyt\\5_Applicativo\\vendor\\laravel\\framework\\src\\Illuminate\\Session\\Middleware\\StartSession.php(64): Illuminate\\Session\\Middleware\\StartSession->handleStatefulRequest(Object(Illuminate\\Http\\Request), Object(Illuminate\\Session\\Store), Object(Closure))
#19 D:\\Scuola\\TERZA\\M306\\Progetto 2 M306\\Fyt\\5_Applicativo\\vendor\\laravel\\framework\\src\\Illuminate\\Pipeline\\Pipeline.php(209): Illuminate\\Session\\Middleware\\StartSession->handle(Object(Illuminate\\Http\\Request), Object(Closure))
#20 D:\\Scuola\\TERZA\\M306\\Progetto 2 M306\\Fyt\\5_Applicativo\\vendor\\laravel\\framework\\src\\Illuminate\\Cookie\\Middleware\\AddQueuedCookiesToResponse.php(37): Illuminate\\Pipeline\\Pipeline->Illuminate\\Pipeline\\{closure}(Object(Illuminate\\Http\\Request))
#21 D:\\Scuola\\TERZA\\M306\\Progetto 2 M306\\Fyt\\5_Applicativo\\vendor\\laravel\\framework\\src\\Illuminate\\Pipeline\\Pipeline.php(209): Illuminate\\Cookie\\Middleware\\AddQueuedCookiesToResponse->handle(Object(Illuminate\\Http\\Request), Object(Closure))
#22 D:\\Scuola\\TERZA\\M306\\Progetto 2 M306\\Fyt\\5_Applicativo\\vendor\\laravel\\framework\\src\\Illuminate\\Cookie\\Middleware\\EncryptCookies.php(75): Illuminate\\Pipeline\\Pipeline->Illuminate\\Pipeline\\{closure}(Object(Illuminate\\Http\\Request))
#23 D:\\Scuola\\TERZA\\M306\\Progetto 2 M306\\Fyt\\5_Applicativo\\vendor\\laravel\\framework\\src\\Illuminate\\Pipeline\\Pipeline.php(209): Illuminate\\Cookie\\Middleware\\EncryptCookies->handle(Object(Illuminate\\Http\\Request), Object(Closure))
#24 D:\\Scuola\\TERZA\\M306\\Progetto 2 M306\\Fyt\\5_Applicativo\\vendor\\laravel\\framework\\src\\Illuminate\\Pipeline\\Pipeline.php(127): Illuminate\\Pipeline\\Pipeline->Illuminate\\Pipeline\\{closure}(Object(Illuminate\\Http\\Request))
#25 D:\\Scuola\\TERZA\\M306\\Progetto 2 M306\\Fyt\\5_Applicativo\\vendor\\laravel\\framework\\src\\Illuminate\\Routing\\Router.php(807): Illuminate\\Pipeline\\Pipeline->then(Object(Closure))
#26 D:\\Scuola\\TERZA\\M306\\Progetto 2 M306\\Fyt\\5_Applicativo\\vendor\\laravel\\framework\\src\\Illuminate\\Routing\\Router.php(786): Illuminate\\Routing\\Router->runRouteWithinStack(Object(Illuminate\\Routing\\Route), Object(Illuminate\\Http\\Request))
#27 D:\\Scuola\\TERZA\\M306\\Progetto 2 M306\\Fyt\\5_Applicativo\\vendor\\laravel\\framework\\src\\Illuminate\\Routing\\Router.php(750): Illuminate\\Routing\\Router->runRoute(Object(Illuminate\\Http\\Request), Object(Illuminate\\Routing\\Route))
#28 D:\\Scuola\\TERZA\\M306\\Progetto 2 M306\\Fyt\\5_Applicativo\\vendor\\laravel\\framework\\src\\Illuminate\\Routing\\Router.php(739): Illuminate\\Routing\\Router->dispatchToRoute(Object(Illuminate\\Http\\Request))
#29 D:\\Scuola\\TERZA\\M306\\Progetto 2 M306\\Fyt\\5_Applicativo\\vendor\\laravel\\framework\\src\\Illuminate\\Foundation\\Http\\Kernel.php(201): Illuminate\\Routing\\Router->dispatch(Object(Illuminate\\Http\\Request))
#30 D:\\Scuola\\TERZA\\M306\\Progetto 2 M306\\Fyt\\5_Applicativo\\vendor\\laravel\\framework\\src\\Illuminate\\Pipeline\\Pipeline.php(170): Illuminate\\Foundation\\Http\\Kernel->Illuminate\\Foundation\\Http\\{closure}(Object(Illuminate\\Http\\Request))
#31 D:\\Scuola\\TERZA\\M306\\Progetto 2 M306\\Fyt\\5_Applicativo\\vendor\\laravel\\framework\\src\\Illuminate\\Foundation\\Http\\Middleware\\TransformsRequest.php(21): Illuminate\\Pipeline\\Pipeline->Illuminate\\Pipeline\\{closure}(Object(Illuminate\\Http\\Request))
#32 D:\\Scuola\\TERZA\\M306\\Progetto 2 M306\\Fyt\\5_Applicativo\\vendor\\laravel\\framework\\src\\Illuminate\\Foundation\\Http\\Middleware\\ConvertEmptyStringsToNull.php(31): Illuminate\\Foundation\\Http\\Middleware\\TransformsRequest->handle(Object(Illuminate\\Http\\Request), Object(Closure))
#33 D:\\Scuola\\TERZA\\M306\\Progetto 2 M306\\Fyt\\5_Applicativo\\vendor\\laravel\\framework\\src\\Illuminate\\Pipeline\\Pipeline.php(209): Illuminate\\Foundation\\Http\\Middleware\\ConvertEmptyStringsToNull->handle(Object(Illuminate\\Http\\Request), Object(Closure))
#34 D:\\Scuola\\TERZA\\M306\\Progetto 2 M306\\Fyt\\5_Applicativo\\vendor\\laravel\\framework\\src\\Illuminate\\Foundation\\Http\\Middleware\\TransformsRequest.php(21): Illuminate\\Pipeline\\Pipeline->Illuminate\\Pipeline\\{closure}(Object(Illuminate\\Http\\Request))
#35 D:\\Scuola\\TERZA\\M306\\Progetto 2 M306\\Fyt\\5_Applicativo\\vendor\\laravel\\framework\\src\\Illuminate\\Foundation\\Http\\Middleware\\TrimStrings.php(51): Illuminate\\Foundation\\Http\\Middleware\\TransformsRequest->handle(Object(Illuminate\\Http\\Request), Object(Closure))
#36 D:\\Scuola\\TERZA\\M306\\Progetto 2 M306\\Fyt\\5_Applicativo\\vendor\\laravel\\framework\\src\\Illuminate\\Pipeline\\Pipeline.php(209): Illuminate\\Foundation\\Http\\Middleware\\TrimStrings->handle(Object(Illuminate\\Http\\Request), Object(Closure))
#37 D:\\Scuola\\TERZA\\M306\\Progetto 2 M306\\Fyt\\5_Applicativo\\vendor\\laravel\\framework\\src\\Illuminate\\Http\\Middleware\\ValidatePostSize.php(27): Illuminate\\Pipeline\\Pipeline->Illuminate\\Pipeline\\{closure}(Object(Illuminate\\Http\\Request))
#38 D:\\Scuola\\TERZA\\M306\\Progetto 2 M306\\Fyt\\5_Applicativo\\vendor\\laravel\\framework\\src\\Illuminate\\Pipeline\\Pipeline.php(209): Illuminate\\Http\\Middleware\\ValidatePostSize->handle(Object(Illuminate\\Http\\Request), Object(Closure))
#39 D:\\Scuola\\TERZA\\M306\\Progetto 2 M306\\Fyt\\5_Applicativo\\vendor\\laravel\\framework\\src\\Illuminate\\Foundation\\Http\\Middleware\\PreventRequestsDuringMaintenance.php(110): Illuminate\\Pipeline\\Pipeline->Illuminate\\Pipeline\\{closure}(Object(Illuminate\\Http\\Request))
#40 D:\\Scuola\\TERZA\\M306\\Progetto 2 M306\\Fyt\\5_Applicativo\\vendor\\laravel\\framework\\src\\Illuminate\\Pipeline\\Pipeline.php(209): Illuminate\\Foundation\\Http\\Middleware\\PreventRequestsDuringMaintenance->handle(Object(Illuminate\\Http\\Request), Object(Closure))
#41 D:\\Scuola\\TERZA\\M306\\Progetto 2 M306\\Fyt\\5_Applicativo\\vendor\\laravel\\framework\\src\\Illuminate\\Http\\Middleware\\HandleCors.php(49): Illuminate\\Pipeline\\Pipeline->Illuminate\\Pipeline\\{closure}(Object(Illuminate\\Http\\Request))
#42 D:\\Scuola\\TERZA\\M306\\Progetto 2 M306\\Fyt\\5_Applicativo\\vendor\\laravel\\framework\\src\\Illuminate\\Pipeline\\Pipeline.php(209): Illuminate\\Http\\Middleware\\HandleCors->handle(Object(Illuminate\\Http\\Request), Object(Closure))
#43 D:\\Scuola\\TERZA\\M306\\Progetto 2 M306\\Fyt\\5_Applicativo\\vendor\\laravel\\framework\\src\\Illuminate\\Http\\Middleware\\TrustProxies.php(58): Illuminate\\Pipeline\\Pipeline->Illuminate\\Pipeline\\{closure}(Object(Illuminate\\Http\\Request))
#44 D:\\Scuola\\TERZA\\M306\\Progetto 2 M306\\Fyt\\5_Applicativo\\vendor\\laravel\\framework\\src\\Illuminate\\Pipeline\\Pipeline.php(209): Illuminate\\Http\\Middleware\\TrustProxies->handle(Object(Illuminate\\Http\\Request), Object(Closure))
#45 D:\\Scuola\\TERZA\\M306\\Progetto 2 M306\\Fyt\\5_Applicativo\\vendor\\laravel\\framework\\src\\Illuminate\\Foundation\\Http\\Middleware\\InvokeDeferredCallbacks.php(22): Illuminate\\Pipeline\\Pipeline->Illuminate\\Pipeline\\{closure}(Object(Illuminate\\Http\\Request))
#46 D:\\Scuola\\TERZA\\M306\\Progetto 2 M306\\Fyt\\5_Applicativo\\vendor\\laravel\\framework\\src\\Illuminate\\Pipeline\\Pipeline.php(209): Illuminate\\Foundation\\Http\\Middleware\\InvokeDeferredCallbacks->handle(Object(Illuminate\\Http\\Request), Object(Closure))
#47 D:\\Scuola\\TERZA\\M306\\Progetto 2 M306\\Fyt\\5_Applicativo\\vendor\\laravel\\framework\\src\\Illuminate\\Pipeline\\Pipeline.php(127): Illuminate\\Pipeline\\Pipeline->Illuminate\\Pipeline\\{closure}(Object(Illuminate\\Http\\Request))
#48 D:\\Scuola\\TERZA\\M306\\Progetto 2 M306\\Fyt\\5_Applicativo\\vendor\\laravel\\framework\\src\\Illuminate\\Foundation\\Http\\Kernel.php(176): Illuminate\\Pipeline\\Pipeline->then(Object(Closure))
#49 D:\\Scuola\\TERZA\\M306\\Progetto 2 M306\\Fyt\\5_Applicativo\\vendor\\laravel\\framework\\src\\Illuminate\\Foundation\\Http\\Kernel.php(145): Illuminate\\Foundation\\Http\\Kernel->sendRequestThroughRouter(Object(Illuminate\\Http\\Request))
#50 D:\\Scuola\\TERZA\\M306\\Progetto 2 M306\\Fyt\\5_Applicativo\\vendor\\laravel\\framework\\src\\Illuminate\\Foundation\\Application.php(1220): Illuminate\\Foundation\\Http\\Kernel->handle(Object(Illuminate\\Http\\Request))
#51 D:\\Scuola\\TERZA\\M306\\Progetto 2 M306\\Fyt\\5_Applicativo\\public\\index.php(17): Illuminate\\Foundation\\Application->handleRequest(Object(Illuminate\\Http\\Request))
#52 D:\\Scuola\\TERZA\\M306\\Progetto 2 M306\\Fyt\\5_Applicativo\\vendor\\laravel\\framework\\src\\Illuminate\\Foundation\\resources\\server.php(23): require_once('D:\\\\Scuola\\\\TERZA...')
#53 {main}

[previous exception] [object] (InvalidArgumentException(code: 0): View [template.header] not found. at D:\\Scuola\\TERZA\\M306\\Progetto 2 M306\\Fyt\\5_Applicativo\\vendor\\laravel\\framework\\src\\Illuminate\\View\\FileViewFinder.php:139)
[stacktrace]
#0 D:\\Scuola\\TERZA\\M306\\Progetto 2 M306\\Fyt\\5_Applicativo\\vendor\\laravel\\framework\\src\\Illuminate\\View\\FileViewFinder.php(79): Illuminate\\View\\FileViewFinder->findInPaths('template.header', Array)
#1 D:\\Scuola\\TERZA\\M306\\Progetto 2 M306\\Fyt\\5_Applicativo\\vendor\\laravel\\framework\\src\\Illuminate\\View\\Factory.php(151): Illuminate\\View\\FileViewFinder->find('template.header')
#2 D:\\Scuola\\TERZA\\M306\\Progetto 2 M306\\Fyt\\5_Applicativo\\storage\\framework\\views\\cec742751c652d3dc440974b4d09c3aa.php(2): Illuminate\\View\\Factory->make('template.header', Array)
#3 D:\\Scuola\\TERZA\\M306\\Progetto 2 M306\\Fyt\\5_Applicativo\\vendor\\laravel\\framework\\src\\Illuminate\\Filesystem\\Filesystem.php(123): require('D:\\\\Scuola\\\\TERZA...')
#4 D:\\Scuola\\TERZA\\M306\\Progetto 2 M306\\Fyt\\5_Applicativo\\vendor\\laravel\\framework\\src\\Illuminate\\Filesystem\\Filesystem.php(124): Illuminate\\Filesystem\\Filesystem::Illuminate\\Filesystem\\{closure}()
#5 D:\\Scuola\\TERZA\\M306\\Progetto 2 M306\\Fyt\\5_Applicativo\\vendor\\laravel\\framework\\src\\Illuminate\\View\\Engines\\PhpEngine.php(58): Illuminate\\Filesystem\\Filesystem->getRequire('D:\\\\Scuola\\\\TERZA...', Array)
#6 D:\\Scuola\\TERZA\\M306\\Progetto 2 M306\\Fyt\\5_Applicativo\\vendor\\laravel\\framework\\src\\Illuminate\\View\\Engines\\CompilerEngine.php(75): Illuminate\\View\\Engines\\PhpEngine->evaluatePath('D:\\\\Scuola\\\\TERZA...', Array)
#7 D:\\Scuola\\TERZA\\M306\\Progetto 2 M306\\Fyt\\5_Applicativo\\vendor\\laravel\\framework\\src\\Illuminate\\View\\View.php(209): Illuminate\\View\\Engines\\CompilerEngine->get('D:\\\\Scuola\\\\TERZA...', Array)
#8 D:\\Scuola\\TERZA\\M306\\Progetto 2 M306\\Fyt\\5_Applicativo\\vendor\\laravel\\framework\\src\\Illuminate\\View\\View.php(192): Illuminate\\View\\View->getContents()
#9 D:\\Scuola\\TERZA\\M306\\Progetto 2 M306\\Fyt\\5_Applicativo\\vendor\\laravel\\framework\\src\\Illuminate\\View\\View.php(161): Illuminate\\View\\View->renderContents()
#10 D:\\Scuola\\TERZA\\M306\\Progetto 2 M306\\Fyt\\5_Applicativo\\vendor\\laravel\\framework\\src\\Illuminate\\Http\\Response.php(79): Illuminate\\View\\View->render()
#11 D:\\Scuola\\TERZA\\M306\\Progetto 2 M306\\Fyt\\5_Applicativo\\vendor\\laravel\\framework\\src\\Illuminate\\Http\\Response.php(35): Illuminate\\Http\\Response->setContent(Object(Illuminate\\View\\View))
#12 D:\\Scuola\\TERZA\\M306\\Progetto 2 M306\\Fyt\\5_Applicativo\\vendor\\laravel\\framework\\src\\Illuminate\\Routing\\Router.php(920): Illuminate\\Http\\Response->__construct(Object(Illuminate\\View\\View), 200, Array)
#13 D:\\Scuola\\TERZA\\M306\\Progetto 2 M306\\Fyt\\5_Applicativo\\vendor\\laravel\\framework\\src\\Illuminate\\Routing\\Router.php(887): Illuminate\\Routing\\Router::toResponse(Object(Illuminate\\Http\\Request), Object(Illuminate\\View\\View))
#14 D:\\Scuola\\TERZA\\M306\\Progetto 2 M306\\Fyt\\5_Applicativo\\vendor\\laravel\\framework\\src\\Illuminate\\Routing\\Router.php(807): Illuminate\\Routing\\Router->prepareResponse(Object(Illuminate\\Http\\Request), Object(Illuminate\\View\\View))
#15 D:\\Scuola\\TERZA\\M306\\Progetto 2 M306\\Fyt\\5_Applicativo\\vendor\\laravel\\framework\\src\\Illuminate\\Pipeline\\Pipeline.php(170): Illuminate\\Routing\\Router->Illuminate\\Routing\\{closure}(Object(Illuminate\\Http\\Request))
#16 D:\\Scuola\\TERZA\\M306\\Progetto 2 M306\\Fyt\\5_Applicativo\\vendor\\laravel\\framework\\src\\Illuminate\\Routing\\Middleware\\SubstituteBindings.php(51): Illuminate\\Pipeline\\Pipeline->Illuminate\\Pipeline\\{closure}(Object(Illuminate\\Http\\Request))
#17 D:\\Scuola\\TERZA\\M306\\Progetto 2 M306\\Fyt\\5_Applicativo\\vendor\\laravel\\framework\\src\\Illuminate\\Pipeline\\Pipeline.php(209): Illuminate\\Routing\\Middleware\\SubstituteBindings->handle(Object(Illuminate\\Http\\Request), Object(Closure))
#18 D:\\Scuola\\TERZA\\M306\\Progetto 2 M306\\Fyt\\5_Applicativo\\vendor\\laravel\\framework\\src\\Illuminate\\Foundation\\Http\\Middleware\\VerifyCsrfToken.php(88): Illuminate\\Pipeline\\Pipeline->Illuminate\\Pipeline\\{closure}(Object(Illuminate\\Http\\Request))
#19 D:\\Scuola\\TERZA\\M306\\Progetto 2 M306\\Fyt\\5_Applicativo\\vendor\\laravel\\framework\\src\\Illuminate\\Pipeline\\Pipeline.php(209): Illuminate\\Foundation\\Http\\Middleware\\VerifyCsrfToken->handle(Object(Illuminate\\Http\\Request), Object(Closure))
#20 D:\\Scuola\\TERZA\\M306\\Progetto 2 M306\\Fyt\\5_Applicativo\\vendor\\laravel\\framework\\src\\Illuminate\\View\\Middleware\\ShareErrorsFromSession.php(49): Illuminate\\Pipeline\\Pipeline->Illuminate\\Pipeline\\{closure}(Object(Illuminate\\Http\\Request))
#21 D:\\Scuola\\TERZA\\M306\\Progetto 2 M306\\Fyt\\5_Applicativo\\vendor\\laravel\\framework\\src\\Illuminate\\Pipeline\\Pipeline.php(209): Illuminate\\View\\Middleware\\ShareErrorsFromSession->handle(Object(Illuminate\\Http\\Request), Object(Closure))
#22 D:\\Scuola\\TERZA\\M306\\Progetto 2 M306\\Fyt\\5_Applicativo\\vendor\\laravel\\framework\\src\\Illuminate\\Session\\Middleware\\StartSession.php(121): Illuminate\\Pipeline\\Pipeline->Illuminate\\Pipeline\\{closure}(Object(Illuminate\\Http\\Request))
#23 D:\\Scuola\\TERZA\\M306\\Progetto 2 M306\\Fyt\\5_Applicativo\\vendor\\laravel\\framework\\src\\Illuminate\\Session\\Middleware\\StartSession.php(64): Illuminate\\Session\\Middleware\\StartSession->handleStatefulRequest(Object(Illuminate\\Http\\Request), Object(Illuminate\\Session\\Store), Object(Closure))
#24 D:\\Scuola\\TERZA\\M306\\Progetto 2 M306\\Fyt\\5_Applicativo\\vendor\\laravel\\framework\\src\\Illuminate\\Pipeline\\Pipeline.php(209): Illuminate\\Session\\Middleware\\StartSession->handle(Object(Illuminate\\Http\\Request), Object(Closure))
#25 D:\\Scuola\\TERZA\\M306\\Progetto 2 M306\\Fyt\\5_Applicativo\\vendor\\laravel\\framework\\src\\Illuminate\\Cookie\\Middleware\\AddQueuedCookiesToResponse.php(37): Illuminate\\Pipeline\\Pipeline->Illuminate\\Pipeline\\{closure}(Object(Illuminate\\Http\\Request))
#26 D:\\Scuola\\TERZA\\M306\\Progetto 2 M306\\Fyt\\5_Applicativo\\vendor\\laravel\\framework\\src\\Illuminate\\Pipeline\\Pipeline.php(209): Illuminate\\Cookie\\Middleware\\AddQueuedCookiesToResponse->handle(Object(Illuminate\\Http\\Request), Object(Closure))
#27 D:\\Scuola\\TERZA\\M306\\Progetto 2 M306\\Fyt\\5_Applicativo\\vendor\\laravel\\framework\\src\\Illuminate\\Cookie\\Middleware\\EncryptCookies.php(75): Illuminate\\Pipeline\\Pipeline->Illuminate\\Pipeline\\{closure}(Object(Illuminate\\Http\\Request))
#28 D:\\Scuola\\TERZA\\M306\\Progetto 2 M306\\Fyt\\5_Applicativo\\vendor\\laravel\\framework\\src\\Illuminate\\Pipeline\\Pipeline.php(209): Illuminate\\Cookie\\Middleware\\EncryptCookies->handle(Object(Illuminate\\Http\\Request), Object(Closure))
#29 D:\\Scuola\\TERZA\\M306\\Progetto 2 M306\\Fyt\\5_Applicativo\\vendor\\laravel\\framework\\src\\Illuminate\\Pipeline\\Pipeline.php(127): Illuminate\\Pipeline\\Pipeline->Illuminate\\Pipeline\\{closure}(Object(Illuminate\\Http\\Request))
#30 D:\\Scuola\\TERZA\\M306\\Progetto 2 M306\\Fyt\\5_Applicativo\\vendor\\laravel\\framework\\src\\Illuminate\\Routing\\Router.php(807): Illuminate\\Pipeline\\Pipeline->then(Object(Closure))
#31 D:\\Scuola\\TERZA\\M306\\Progetto 2 M306\\Fyt\\5_Applicativo\\vendor\\laravel\\framework\\src\\Illuminate\\Routing\\Router.php(786): Illuminate\\Routing\\Router->runRouteWithinStack(Object(Illuminate\\Routing\\Route), Object(Illuminate\\Http\\Request))
#32 D:\\Scuola\\TERZA\\M306\\Progetto 2 M306\\Fyt\\5_Applicativo\\vendor\\laravel\\framework\\src\\Illuminate\\Routing\\Router.php(750): Illuminate\\Routing\\Router->runRoute(Object(Illuminate\\Http\\Request), Object(Illuminate\\Routing\\Route))
#33 D:\\Scuola\\TERZA\\M306\\Progetto 2 M306\\Fyt\\5_Applicativo\\vendor\\laravel\\framework\\src\\Illuminate\\Routing\\Router.php(739): Illuminate\\Routing\\Router->dispatchToRoute(Object(Illuminate\\Http\\Request))
#34 D:\\Scuola\\TERZA\\M306\\Progetto 2 M306\\Fyt\\5_Applicativo\\vendor\\laravel\\framework\\src\\Illuminate\\Foundation\\Http\\Kernel.php(201): Illuminate\\Routing\\Router->dispatch(Object(Illuminate\\Http\\Request))
#35 D:\\Scuola\\TERZA\\M306\\Progetto 2 M306\\Fyt\\5_Applicativo\\vendor\\laravel\\framework\\src\\Illuminate\\Pipeline\\Pipeline.php(170): Illuminate\\Foundation\\Http\\Kernel->Illuminate\\Foundation\\Http\\{closure}(Object(Illuminate\\Http\\Request))
#36 D:\\Scuola\\TERZA\\M306\\Progetto 2 M306\\Fyt\\5_Applicativo\\vendor\\laravel\\framework\\src\\Illuminate\\Foundation\\Http\\Middleware\\TransformsRequest.php(21): Illuminate\\Pipeline\\Pipeline->Illuminate\\Pipeline\\{closure}(Object(Illuminate\\Http\\Request))
#37 D:\\Scuola\\TERZA\\M306\\Progetto 2 M306\\Fyt\\5_Applicativo\\vendor\\laravel\\framework\\src\\Illuminate\\Foundation\\Http\\Middleware\\ConvertEmptyStringsToNull.php(31): Illuminate\\Foundation\\Http\\Middleware\\TransformsRequest->handle(Object(Illuminate\\Http\\Request), Object(Closure))
#38 D:\\Scuola\\TERZA\\M306\\Progetto 2 M306\\Fyt\\5_Applicativo\\vendor\\laravel\\framework\\src\\Illuminate\\Pipeline\\Pipeline.php(209): Illuminate\\Foundation\\Http\\Middleware\\ConvertEmptyStringsToNull->handle(Object(Illuminate\\Http\\Request), Object(Closure))
#39 D:\\Scuola\\TERZA\\M306\\Progetto 2 M306\\Fyt\\5_Applicativo\\vendor\\laravel\\framework\\src\\Illuminate\\Foundation\\Http\\Middleware\\TransformsRequest.php(21): Illuminate\\Pipeline\\Pipeline->Illuminate\\Pipeline\\{closure}(Object(Illuminate\\Http\\Request))
#40 D:\\Scuola\\TERZA\\M306\\Progetto 2 M306\\Fyt\\5_Applicativo\\vendor\\laravel\\framework\\src\\Illuminate\\Foundation\\Http\\Middleware\\TrimStrings.php(51): Illuminate\\Foundation\\Http\\Middleware\\TransformsRequest->handle(Object(Illuminate\\Http\\Request), Object(Closure))
#41 D:\\Scuola\\TERZA\\M306\\Progetto 2 M306\\Fyt\\5_Applicativo\\vendor\\laravel\\framework\\src\\Illuminate\\Pipeline\\Pipeline.php(209): Illuminate\\Foundation\\Http\\Middleware\\TrimStrings->handle(Object(Illuminate\\Http\\Request), Object(Closure))
#42 D:\\Scuola\\TERZA\\M306\\Progetto 2 M306\\Fyt\\5_Applicativo\\vendor\\laravel\\framework\\src\\Illuminate\\Http\\Middleware\\ValidatePostSize.php(27): Illuminate\\Pipeline\\Pipeline->Illuminate\\Pipeline\\{closure}(Object(Illuminate\\Http\\Request))
#43 D:\\Scuola\\TERZA\\M306\\Progetto 2 M306\\Fyt\\5_Applicativo\\vendor\\laravel\\framework\\src\\Illuminate\\Pipeline\\Pipeline.php(209): Illuminate\\Http\\Middleware\\ValidatePostSize->handle(Object(Illuminate\\Http\\Request), Object(Closure))
#44 D:\\Scuola\\TERZA\\M306\\Progetto 2 M306\\Fyt\\5_Applicativo\\vendor\\laravel\\framework\\src\\Illuminate\\Foundation\\Http\\Middleware\\PreventRequestsDuringMaintenance.php(110): Illuminate\\Pipeline\\Pipeline->Illuminate\\Pipeline\\{closure}(Object(Illuminate\\Http\\Request))
#45 D:\\Scuola\\TERZA\\M306\\Progetto 2 M306\\Fyt\\5_Applicativo\\vendor\\laravel\\framework\\src\\Illuminate\\Pipeline\\Pipeline.php(209): Illuminate\\Foundation\\Http\\Middleware\\PreventRequestsDuringMaintenance->handle(Object(Illuminate\\Http\\Request), Object(Closure))
#46 D:\\Scuola\\TERZA\\M306\\Progetto 2 M306\\Fyt\\5_Applicativo\\vendor\\laravel\\framework\\src\\Illuminate\\Http\\Middleware\\HandleCors.php(49): Illuminate\\Pipeline\\Pipeline->Illuminate\\Pipeline\\{closure}(Object(Illuminate\\Http\\Request))
#47 D:\\Scuola\\TERZA\\M306\\Progetto 2 M306\\Fyt\\5_Applicativo\\vendor\\laravel\\framework\\src\\Illuminate\\Pipeline\\Pipeline.php(209): Illuminate\\Http\\Middleware\\HandleCors->handle(Object(Illuminate\\Http\\Request), Object(Closure))
#48 D:\\Scuola\\TERZA\\M306\\Progetto 2 M306\\Fyt\\5_Applicativo\\vendor\\laravel\\framework\\src\\Illuminate\\Http\\Middleware\\TrustProxies.php(58): Illuminate\\Pipeline\\Pipeline->Illuminate\\Pipeline\\{closure}(Object(Illuminate\\Http\\Request))
#49 D:\\Scuola\\TERZA\\M306\\Progetto 2 M306\\Fyt\\5_Applicativo\\vendor\\laravel\\framework\\src\\Illuminate\\Pipeline\\Pipeline.php(209): Illuminate\\Http\\Middleware\\TrustProxies->handle(Object(Illuminate\\Http\\Request), Object(Closure))
#50 D:\\Scuola\\TERZA\\M306\\Progetto 2 M306\\Fyt\\5_Applicativo\\vendor\\laravel\\framework\\src\\Illuminate\\Foundation\\Http\\Middleware\\InvokeDeferredCallbacks.php(22): Illuminate\\Pipeline\\Pipeline->Illuminate\\Pipeline\\{closure}(Object(Illuminate\\Http\\Request))
#51 D:\\Scuola\\TERZA\\M306\\Progetto 2 M306\\Fyt\\5_Applicativo\\vendor\\laravel\\framework\\src\\Illuminate\\Pipeline\\Pipeline.php(209): Illuminate\\Foundation\\Http\\Middleware\\InvokeDeferredCallbacks->handle(Object(Illuminate\\Http\\Request), Object(Closure))
#52 D:\\Scuola\\TERZA\\M306\\Progetto 2 M306\\Fyt\\5_Applicativo\\vendor\\laravel\\framework\\src\\Illuminate\\Pipeline\\Pipeline.php(127): Illuminate\\Pipeline\\Pipeline->Illuminate\\Pipeline\\{closure}(Object(Illuminate\\Http\\Request))
#53 D:\\Scuola\\TERZA\\M306\\Progetto 2 M306\\Fyt\\5_Applicativo\\vendor\\laravel\\framework\\src\\Illuminate\\Foundation\\Http\\Kernel.php(176): Illuminate\\Pipeline\\Pipeline->then(Object(Closure))
#54 D:\\Scuola\\TERZA\\M306\\Progetto 2 M306\\Fyt\\5_Applicativo\\vendor\\laravel\\framework\\src\\Illuminate\\Foundation\\Http\\Kernel.php(145): Illuminate\\Foundation\\Http\\Kernel->sendRequestThroughRouter(Object(Illuminate\\Http\\Request))
#55 D:\\Scuola\\TERZA\\M306\\Progetto 2 M306\\Fyt\\5_Applicativo\\vendor\\laravel\\framework\\src\\Illuminate\\Foundation\\Application.php(1220): Illuminate\\Foundation\\Http\\Kernel->handle(Object(Illuminate\\Http\\Request))
#56 D:\\Scuola\\TERZA\\M306\\Progetto 2 M306\\Fyt\\5_Applicativo\\public\\index.php(17): Illuminate\\Foundation\\Application->handleRequest(Object(Illuminate\\Http\\Request))
#57 D:\\Scuola\\TERZA\\M306\\Progetto 2 M306\\Fyt\\5_Applicativo\\vendor\\laravel\\framework\\src\\Illuminate\\Foundation\\resources\\server.php(23): require_once('D:\\\\Scuola\\\\TERZA...')
#58 {main}
"} 
[2025-02-26 14:58:27] local.ERROR: View [template.header] not found. (View: D:\Scuola\TERZA\M306\Progetto 2 M306\Fyt\5_Applicativo\resources\views\catalogo.blade.php) {"exception":"[object] (Illuminate\\View\\ViewException(code: 0): View [template.header] not found. (View: D:\\Scuola\\TERZA\\M306\\Progetto 2 M306\\Fyt\\5_Applicativo\\resources\\views\\catalogo.blade.php) at D:\\Scuola\\TERZA\\M306\\Progetto 2 M306\\Fyt\\5_Applicativo\\vendor\\laravel\\framework\\src\\Illuminate\\View\\FileViewFinder.php:139)
[stacktrace]
#0 D:\\Scuola\\TERZA\\M306\\Progetto 2 M306\\Fyt\\5_Applicativo\\vendor\\laravel\\framework\\src\\Illuminate\\View\\Engines\\PhpEngine.php(60): Illuminate\\View\\Engines\\CompilerEngine->handleViewException(Object(InvalidArgumentException), 1)
#1 D:\\Scuola\\TERZA\\M306\\Progetto 2 M306\\Fyt\\5_Applicativo\\vendor\\laravel\\framework\\src\\Illuminate\\View\\Engines\\CompilerEngine.php(75): Illuminate\\View\\Engines\\PhpEngine->evaluatePath('D:\\\\Scuola\\\\TERZA...', Array)
#2 D:\\Scuola\\TERZA\\M306\\Progetto 2 M306\\Fyt\\5_Applicativo\\vendor\\laravel\\framework\\src\\Illuminate\\View\\View.php(209): Illuminate\\View\\Engines\\CompilerEngine->get('D:\\\\Scuola\\\\TERZA...', Array)
#3 D:\\Scuola\\TERZA\\M306\\Progetto 2 M306\\Fyt\\5_Applicativo\\vendor\\laravel\\framework\\src\\Illuminate\\View\\View.php(192): Illuminate\\View\\View->getContents()
#4 D:\\Scuola\\TERZA\\M306\\Progetto 2 M306\\Fyt\\5_Applicativo\\vendor\\laravel\\framework\\src\\Illuminate\\View\\View.php(161): Illuminate\\View\\View->renderContents()
#5 D:\\Scuola\\TERZA\\M306\\Progetto 2 M306\\Fyt\\5_Applicativo\\vendor\\laravel\\framework\\src\\Illuminate\\Http\\Response.php(79): Illuminate\\View\\View->render()
#6 D:\\Scuola\\TERZA\\M306\\Progetto 2 M306\\Fyt\\5_Applicativo\\vendor\\laravel\\framework\\src\\Illuminate\\Http\\Response.php(35): Illuminate\\Http\\Response->setContent(Object(Illuminate\\View\\View))
#7 D:\\Scuola\\TERZA\\M306\\Progetto 2 M306\\Fyt\\5_Applicativo\\vendor\\laravel\\framework\\src\\Illuminate\\Routing\\Router.php(920): Illuminate\\Http\\Response->__construct(Object(Illuminate\\View\\View), 200, Array)
#8 D:\\Scuola\\TERZA\\M306\\Progetto 2 M306\\Fyt\\5_Applicativo\\vendor\\laravel\\framework\\src\\Illuminate\\Routing\\Router.php(887): Illuminate\\Routing\\Router::toResponse(Object(Illuminate\\Http\\Request), Object(Illuminate\\View\\View))
#9 D:\\Scuola\\TERZA\\M306\\Progetto 2 M306\\Fyt\\5_Applicativo\\vendor\\laravel\\framework\\src\\Illuminate\\Routing\\Router.php(807): Illuminate\\Routing\\Router->prepareResponse(Object(Illuminate\\Http\\Request), Object(Illuminate\\View\\View))
#10 D:\\Scuola\\TERZA\\M306\\Progetto 2 M306\\Fyt\\5_Applicativo\\vendor\\laravel\\framework\\src\\Illuminate\\Pipeline\\Pipeline.php(170): Illuminate\\Routing\\Router->Illuminate\\Routing\\{closure}(Object(Illuminate\\Http\\Request))
#11 D:\\Scuola\\TERZA\\M306\\Progetto 2 M306\\Fyt\\5_Applicativo\\vendor\\laravel\\framework\\src\\Illuminate\\Routing\\Middleware\\SubstituteBindings.php(51): Illuminate\\Pipeline\\Pipeline->Illuminate\\Pipeline\\{closure}(Object(Illuminate\\Http\\Request))
#12 D:\\Scuola\\TERZA\\M306\\Progetto 2 M306\\Fyt\\5_Applicativo\\vendor\\laravel\\framework\\src\\Illuminate\\Pipeline\\Pipeline.php(209): Illuminate\\Routing\\Middleware\\SubstituteBindings->handle(Object(Illuminate\\Http\\Request), Object(Closure))
#13 D:\\Scuola\\TERZA\\M306\\Progetto 2 M306\\Fyt\\5_Applicativo\\vendor\\laravel\\framework\\src\\Illuminate\\Foundation\\Http\\Middleware\\VerifyCsrfToken.php(88): Illuminate\\Pipeline\\Pipeline->Illuminate\\Pipeline\\{closure}(Object(Illuminate\\Http\\Request))
#14 D:\\Scuola\\TERZA\\M306\\Progetto 2 M306\\Fyt\\5_Applicativo\\vendor\\laravel\\framework\\src\\Illuminate\\Pipeline\\Pipeline.php(209): Illuminate\\Foundation\\Http\\Middleware\\VerifyCsrfToken->handle(Object(Illuminate\\Http\\Request), Object(Closure))
#15 D:\\Scuola\\TERZA\\M306\\Progetto 2 M306\\Fyt\\5_Applicativo\\vendor\\laravel\\framework\\src\\Illuminate\\View\\Middleware\\ShareErrorsFromSession.php(49): Illuminate\\Pipeline\\Pipeline->Illuminate\\Pipeline\\{closure}(Object(Illuminate\\Http\\Request))
#16 D:\\Scuola\\TERZA\\M306\\Progetto 2 M306\\Fyt\\5_Applicativo\\vendor\\laravel\\framework\\src\\Illuminate\\Pipeline\\Pipeline.php(209): Illuminate\\View\\Middleware\\ShareErrorsFromSession->handle(Object(Illuminate\\Http\\Request), Object(Closure))
#17 D:\\Scuola\\TERZA\\M306\\Progetto 2 M306\\Fyt\\5_Applicativo\\vendor\\laravel\\framework\\src\\Illuminate\\Session\\Middleware\\StartSession.php(121): Illuminate\\Pipeline\\Pipeline->Illuminate\\Pipeline\\{closure}(Object(Illuminate\\Http\\Request))
#18 D:\\Scuola\\TERZA\\M306\\Progetto 2 M306\\Fyt\\5_Applicativo\\vendor\\laravel\\framework\\src\\Illuminate\\Session\\Middleware\\StartSession.php(64): Illuminate\\Session\\Middleware\\StartSession->handleStatefulRequest(Object(Illuminate\\Http\\Request), Object(Illuminate\\Session\\Store), Object(Closure))
#19 D:\\Scuola\\TERZA\\M306\\Progetto 2 M306\\Fyt\\5_Applicativo\\vendor\\laravel\\framework\\src\\Illuminate\\Pipeline\\Pipeline.php(209): Illuminate\\Session\\Middleware\\StartSession->handle(Object(Illuminate\\Http\\Request), Object(Closure))
#20 D:\\Scuola\\TERZA\\M306\\Progetto 2 M306\\Fyt\\5_Applicativo\\vendor\\laravel\\framework\\src\\Illuminate\\Cookie\\Middleware\\AddQueuedCookiesToResponse.php(37): Illuminate\\Pipeline\\Pipeline->Illuminate\\Pipeline\\{closure}(Object(Illuminate\\Http\\Request))
#21 D:\\Scuola\\TERZA\\M306\\Progetto 2 M306\\Fyt\\5_Applicativo\\vendor\\laravel\\framework\\src\\Illuminate\\Pipeline\\Pipeline.php(209): Illuminate\\Cookie\\Middleware\\AddQueuedCookiesToResponse->handle(Object(Illuminate\\Http\\Request), Object(Closure))
#22 D:\\Scuola\\TERZA\\M306\\Progetto 2 M306\\Fyt\\5_Applicativo\\vendor\\laravel\\framework\\src\\Illuminate\\Cookie\\Middleware\\EncryptCookies.php(75): Illuminate\\Pipeline\\Pipeline->Illuminate\\Pipeline\\{closure}(Object(Illuminate\\Http\\Request))
#23 D:\\Scuola\\TERZA\\M306\\Progetto 2 M306\\Fyt\\5_Applicativo\\vendor\\laravel\\framework\\src\\Illuminate\\Pipeline\\Pipeline.php(209): Illuminate\\Cookie\\Middleware\\EncryptCookies->handle(Object(Illuminate\\Http\\Request), Object(Closure))
#24 D:\\Scuola\\TERZA\\M306\\Progetto 2 M306\\Fyt\\5_Applicativo\\vendor\\laravel\\framework\\src\\Illuminate\\Pipeline\\Pipeline.php(127): Illuminate\\Pipeline\\Pipeline->Illuminate\\Pipeline\\{closure}(Object(Illuminate\\Http\\Request))
#25 D:\\Scuola\\TERZA\\M306\\Progetto 2 M306\\Fyt\\5_Applicativo\\vendor\\laravel\\framework\\src\\Illuminate\\Routing\\Router.php(807): Illuminate\\Pipeline\\Pipeline->then(Object(Closure))
#26 D:\\Scuola\\TERZA\\M306\\Progetto 2 M306\\Fyt\\5_Applicativo\\vendor\\laravel\\framework\\src\\Illuminate\\Routing\\Router.php(786): Illuminate\\Routing\\Router->runRouteWithinStack(Object(Illuminate\\Routing\\Route), Object(Illuminate\\Http\\Request))
#27 D:\\Scuola\\TERZA\\M306\\Progetto 2 M306\\Fyt\\5_Applicativo\\vendor\\laravel\\framework\\src\\Illuminate\\Routing\\Router.php(750): Illuminate\\Routing\\Router->runRoute(Object(Illuminate\\Http\\Request), Object(Illuminate\\Routing\\Route))
#28 D:\\Scuola\\TERZA\\M306\\Progetto 2 M306\\Fyt\\5_Applicativo\\vendor\\laravel\\framework\\src\\Illuminate\\Routing\\Router.php(739): Illuminate\\Routing\\Router->dispatchToRoute(Object(Illuminate\\Http\\Request))
#29 D:\\Scuola\\TERZA\\M306\\Progetto 2 M306\\Fyt\\5_Applicativo\\vendor\\laravel\\framework\\src\\Illuminate\\Foundation\\Http\\Kernel.php(201): Illuminate\\Routing\\Router->dispatch(Object(Illuminate\\Http\\Request))
#30 D:\\Scuola\\TERZA\\M306\\Progetto 2 M306\\Fyt\\5_Applicativo\\vendor\\laravel\\framework\\src\\Illuminate\\Pipeline\\Pipeline.php(170): Illuminate\\Foundation\\Http\\Kernel->Illuminate\\Foundation\\Http\\{closure}(Object(Illuminate\\Http\\Request))
#31 D:\\Scuola\\TERZA\\M306\\Progetto 2 M306\\Fyt\\5_Applicativo\\vendor\\laravel\\framework\\src\\Illuminate\\Foundation\\Http\\Middleware\\TransformsRequest.php(21): Illuminate\\Pipeline\\Pipeline->Illuminate\\Pipeline\\{closure}(Object(Illuminate\\Http\\Request))
#32 D:\\Scuola\\TERZA\\M306\\Progetto 2 M306\\Fyt\\5_Applicativo\\vendor\\laravel\\framework\\src\\Illuminate\\Foundation\\Http\\Middleware\\ConvertEmptyStringsToNull.php(31): Illuminate\\Foundation\\Http\\Middleware\\TransformsRequest->handle(Object(Illuminate\\Http\\Request), Object(Closure))
#33 D:\\Scuola\\TERZA\\M306\\Progetto 2 M306\\Fyt\\5_Applicativo\\vendor\\laravel\\framework\\src\\Illuminate\\Pipeline\\Pipeline.php(209): Illuminate\\Foundation\\Http\\Middleware\\ConvertEmptyStringsToNull->handle(Object(Illuminate\\Http\\Request), Object(Closure))
#34 D:\\Scuola\\TERZA\\M306\\Progetto 2 M306\\Fyt\\5_Applicativo\\vendor\\laravel\\framework\\src\\Illuminate\\Foundation\\Http\\Middleware\\TransformsRequest.php(21): Illuminate\\Pipeline\\Pipeline->Illuminate\\Pipeline\\{closure}(Object(Illuminate\\Http\\Request))
#35 D:\\Scuola\\TERZA\\M306\\Progetto 2 M306\\Fyt\\5_Applicativo\\vendor\\laravel\\framework\\src\\Illuminate\\Foundation\\Http\\Middleware\\TrimStrings.php(51): Illuminate\\Foundation\\Http\\Middleware\\TransformsRequest->handle(Object(Illuminate\\Http\\Request), Object(Closure))
#36 D:\\Scuola\\TERZA\\M306\\Progetto 2 M306\\Fyt\\5_Applicativo\\vendor\\laravel\\framework\\src\\Illuminate\\Pipeline\\Pipeline.php(209): Illuminate\\Foundation\\Http\\Middleware\\TrimStrings->handle(Object(Illuminate\\Http\\Request), Object(Closure))
#37 D:\\Scuola\\TERZA\\M306\\Progetto 2 M306\\Fyt\\5_Applicativo\\vendor\\laravel\\framework\\src\\Illuminate\\Http\\Middleware\\ValidatePostSize.php(27): Illuminate\\Pipeline\\Pipeline->Illuminate\\Pipeline\\{closure}(Object(Illuminate\\Http\\Request))
#38 D:\\Scuola\\TERZA\\M306\\Progetto 2 M306\\Fyt\\5_Applicativo\\vendor\\laravel\\framework\\src\\Illuminate\\Pipeline\\Pipeline.php(209): Illuminate\\Http\\Middleware\\ValidatePostSize->handle(Object(Illuminate\\Http\\Request), Object(Closure))
#39 D:\\Scuola\\TERZA\\M306\\Progetto 2 M306\\Fyt\\5_Applicativo\\vendor\\laravel\\framework\\src\\Illuminate\\Foundation\\Http\\Middleware\\PreventRequestsDuringMaintenance.php(110): Illuminate\\Pipeline\\Pipeline->Illuminate\\Pipeline\\{closure}(Object(Illuminate\\Http\\Request))
#40 D:\\Scuola\\TERZA\\M306\\Progetto 2 M306\\Fyt\\5_Applicativo\\vendor\\laravel\\framework\\src\\Illuminate\\Pipeline\\Pipeline.php(209): Illuminate\\Foundation\\Http\\Middleware\\PreventRequestsDuringMaintenance->handle(Object(Illuminate\\Http\\Request), Object(Closure))
#41 D:\\Scuola\\TERZA\\M306\\Progetto 2 M306\\Fyt\\5_Applicativo\\vendor\\laravel\\framework\\src\\Illuminate\\Http\\Middleware\\HandleCors.php(49): Illuminate\\Pipeline\\Pipeline->Illuminate\\Pipeline\\{closure}(Object(Illuminate\\Http\\Request))
#42 D:\\Scuola\\TERZA\\M306\\Progetto 2 M306\\Fyt\\5_Applicativo\\vendor\\laravel\\framework\\src\\Illuminate\\Pipeline\\Pipeline.php(209): Illuminate\\Http\\Middleware\\HandleCors->handle(Object(Illuminate\\Http\\Request), Object(Closure))
#43 D:\\Scuola\\TERZA\\M306\\Progetto 2 M306\\Fyt\\5_Applicativo\\vendor\\laravel\\framework\\src\\Illuminate\\Http\\Middleware\\TrustProxies.php(58): Illuminate\\Pipeline\\Pipeline->Illuminate\\Pipeline\\{closure}(Object(Illuminate\\Http\\Request))
#44 D:\\Scuola\\TERZA\\M306\\Progetto 2 M306\\Fyt\\5_Applicativo\\vendor\\laravel\\framework\\src\\Illuminate\\Pipeline\\Pipeline.php(209): Illuminate\\Http\\Middleware\\TrustProxies->handle(Object(Illuminate\\Http\\Request), Object(Closure))
#45 D:\\Scuola\\TERZA\\M306\\Progetto 2 M306\\Fyt\\5_Applicativo\\vendor\\laravel\\framework\\src\\Illuminate\\Foundation\\Http\\Middleware\\InvokeDeferredCallbacks.php(22): Illuminate\\Pipeline\\Pipeline->Illuminate\\Pipeline\\{closure}(Object(Illuminate\\Http\\Request))
#46 D:\\Scuola\\TERZA\\M306\\Progetto 2 M306\\Fyt\\5_Applicativo\\vendor\\laravel\\framework\\src\\Illuminate\\Pipeline\\Pipeline.php(209): Illuminate\\Foundation\\Http\\Middleware\\InvokeDeferredCallbacks->handle(Object(Illuminate\\Http\\Request), Object(Closure))
#47 D:\\Scuola\\TERZA\\M306\\Progetto 2 M306\\Fyt\\5_Applicativo\\vendor\\laravel\\framework\\src\\Illuminate\\Pipeline\\Pipeline.php(127): Illuminate\\Pipeline\\Pipeline->Illuminate\\Pipeline\\{closure}(Object(Illuminate\\Http\\Request))
#48 D:\\Scuola\\TERZA\\M306\\Progetto 2 M306\\Fyt\\5_Applicativo\\vendor\\laravel\\framework\\src\\Illuminate\\Foundation\\Http\\Kernel.php(176): Illuminate\\Pipeline\\Pipeline->then(Object(Closure))
#49 D:\\Scuola\\TERZA\\M306\\Progetto 2 M306\\Fyt\\5_Applicativo\\vendor\\laravel\\framework\\src\\Illuminate\\Foundation\\Http\\Kernel.php(145): Illuminate\\Foundation\\Http\\Kernel->sendRequestThroughRouter(Object(Illuminate\\Http\\Request))
#50 D:\\Scuola\\TERZA\\M306\\Progetto 2 M306\\Fyt\\5_Applicativo\\vendor\\laravel\\framework\\src\\Illuminate\\Foundation\\Application.php(1220): Illuminate\\Foundation\\Http\\Kernel->handle(Object(Illuminate\\Http\\Request))
#51 D:\\Scuola\\TERZA\\M306\\Progetto 2 M306\\Fyt\\5_Applicativo\\public\\index.php(17): Illuminate\\Foundation\\Application->handleRequest(Object(Illuminate\\Http\\Request))
#52 D:\\Scuola\\TERZA\\M306\\Progetto 2 M306\\Fyt\\5_Applicativo\\vendor\\laravel\\framework\\src\\Illuminate\\Foundation\\resources\\server.php(23): require_once('D:\\\\Scuola\\\\TERZA...')
#53 {main}

[previous exception] [object] (InvalidArgumentException(code: 0): View [template.header] not found. at D:\\Scuola\\TERZA\\M306\\Progetto 2 M306\\Fyt\\5_Applicativo\\vendor\\laravel\\framework\\src\\Illuminate\\View\\FileViewFinder.php:139)
[stacktrace]
#0 D:\\Scuola\\TERZA\\M306\\Progetto 2 M306\\Fyt\\5_Applicativo\\vendor\\laravel\\framework\\src\\Illuminate\\View\\FileViewFinder.php(79): Illuminate\\View\\FileViewFinder->findInPaths('template.header', Array)
#1 D:\\Scuola\\TERZA\\M306\\Progetto 2 M306\\Fyt\\5_Applicativo\\vendor\\laravel\\framework\\src\\Illuminate\\View\\Factory.php(151): Illuminate\\View\\FileViewFinder->find('template.header')
#2 D:\\Scuola\\TERZA\\M306\\Progetto 2 M306\\Fyt\\5_Applicativo\\storage\\framework\\views\\cec742751c652d3dc440974b4d09c3aa.php(2): Illuminate\\View\\Factory->make('template.header', Array)
#3 D:\\Scuola\\TERZA\\M306\\Progetto 2 M306\\Fyt\\5_Applicativo\\vendor\\laravel\\framework\\src\\Illuminate\\Filesystem\\Filesystem.php(123): require('D:\\\\Scuola\\\\TERZA...')
#4 D:\\Scuola\\TERZA\\M306\\Progetto 2 M306\\Fyt\\5_Applicativo\\vendor\\laravel\\framework\\src\\Illuminate\\Filesystem\\Filesystem.php(124): Illuminate\\Filesystem\\Filesystem::Illuminate\\Filesystem\\{closure}()
#5 D:\\Scuola\\TERZA\\M306\\Progetto 2 M306\\Fyt\\5_Applicativo\\vendor\\laravel\\framework\\src\\Illuminate\\View\\Engines\\PhpEngine.php(58): Illuminate\\Filesystem\\Filesystem->getRequire('D:\\\\Scuola\\\\TERZA...', Array)
#6 D:\\Scuola\\TERZA\\M306\\Progetto 2 M306\\Fyt\\5_Applicativo\\vendor\\laravel\\framework\\src\\Illuminate\\View\\Engines\\CompilerEngine.php(75): Illuminate\\View\\Engines\\PhpEngine->evaluatePath('D:\\\\Scuola\\\\TERZA...', Array)
#7 D:\\Scuola\\TERZA\\M306\\Progetto 2 M306\\Fyt\\5_Applicativo\\vendor\\laravel\\framework\\src\\Illuminate\\View\\View.php(209): Illuminate\\View\\Engines\\CompilerEngine->get('D:\\\\Scuola\\\\TERZA...', Array)
#8 D:\\Scuola\\TERZA\\M306\\Progetto 2 M306\\Fyt\\5_Applicativo\\vendor\\laravel\\framework\\src\\Illuminate\\View\\View.php(192): Illuminate\\View\\View->getContents()
#9 D:\\Scuola\\TERZA\\M306\\Progetto 2 M306\\Fyt\\5_Applicativo\\vendor\\laravel\\framework\\src\\Illuminate\\View\\View.php(161): Illuminate\\View\\View->renderContents()
#10 D:\\Scuola\\TERZA\\M306\\Progetto 2 M306\\Fyt\\5_Applicativo\\vendor\\laravel\\framework\\src\\Illuminate\\Http\\Response.php(79): Illuminate\\View\\View->render()
#11 D:\\Scuola\\TERZA\\M306\\Progetto 2 M306\\Fyt\\5_Applicativo\\vendor\\laravel\\framework\\src\\Illuminate\\Http\\Response.php(35): Illuminate\\Http\\Response->setContent(Object(Illuminate\\View\\View))
#12 D:\\Scuola\\TERZA\\M306\\Progetto 2 M306\\Fyt\\5_Applicativo\\vendor\\laravel\\framework\\src\\Illuminate\\Routing\\Router.php(920): Illuminate\\Http\\Response->__construct(Object(Illuminate\\View\\View), 200, Array)
#13 D:\\Scuola\\TERZA\\M306\\Progetto 2 M306\\Fyt\\5_Applicativo\\vendor\\laravel\\framework\\src\\Illuminate\\Routing\\Router.php(887): Illuminate\\Routing\\Router::toResponse(Object(Illuminate\\Http\\Request), Object(Illuminate\\View\\View))
#14 D:\\Scuola\\TERZA\\M306\\Progetto 2 M306\\Fyt\\5_Applicativo\\vendor\\laravel\\framework\\src\\Illuminate\\Routing\\Router.php(807): Illuminate\\Routing\\Router->prepareResponse(Object(Illuminate\\Http\\Request), Object(Illuminate\\View\\View))
#15 D:\\Scuola\\TERZA\\M306\\Progetto 2 M306\\Fyt\\5_Applicativo\\vendor\\laravel\\framework\\src\\Illuminate\\Pipeline\\Pipeline.php(170): Illuminate\\Routing\\Router->Illuminate\\Routing\\{closure}(Object(Illuminate\\Http\\Request))
#16 D:\\Scuola\\TERZA\\M306\\Progetto 2 M306\\Fyt\\5_Applicativo\\vendor\\laravel\\framework\\src\\Illuminate\\Routing\\Middleware\\SubstituteBindings.php(51): Illuminate\\Pipeline\\Pipeline->Illuminate\\Pipeline\\{closure}(Object(Illuminate\\Http\\Request))
#17 D:\\Scuola\\TERZA\\M306\\Progetto 2 M306\\Fyt\\5_Applicativo\\vendor\\laravel\\framework\\src\\Illuminate\\Pipeline\\Pipeline.php(209): Illuminate\\Routing\\Middleware\\SubstituteBindings->handle(Object(Illuminate\\Http\\Request), Object(Closure))
#18 D:\\Scuola\\TERZA\\M306\\Progetto 2 M306\\Fyt\\5_Applicativo\\vendor\\laravel\\framework\\src\\Illuminate\\Foundation\\Http\\Middleware\\VerifyCsrfToken.php(88): Illuminate\\Pipeline\\Pipeline->Illuminate\\Pipeline\\{closure}(Object(Illuminate\\Http\\Request))
#19 D:\\Scuola\\TERZA\\M306\\Progetto 2 M306\\Fyt\\5_Applicativo\\vendor\\laravel\\framework\\src\\Illuminate\\Pipeline\\Pipeline.php(209): Illuminate\\Foundation\\Http\\Middleware\\VerifyCsrfToken->handle(Object(Illuminate\\Http\\Request), Object(Closure))
#20 D:\\Scuola\\TERZA\\M306\\Progetto 2 M306\\Fyt\\5_Applicativo\\vendor\\laravel\\framework\\src\\Illuminate\\View\\Middleware\\ShareErrorsFromSession.php(49): Illuminate\\Pipeline\\Pipeline->Illuminate\\Pipeline\\{closure}(Object(Illuminate\\Http\\Request))
#21 D:\\Scuola\\TERZA\\M306\\Progetto 2 M306\\Fyt\\5_Applicativo\\vendor\\laravel\\framework\\src\\Illuminate\\Pipeline\\Pipeline.php(209): Illuminate\\View\\Middleware\\ShareErrorsFromSession->handle(Object(Illuminate\\Http\\Request), Object(Closure))
#22 D:\\Scuola\\TERZA\\M306\\Progetto 2 M306\\Fyt\\5_Applicativo\\vendor\\laravel\\framework\\src\\Illuminate\\Session\\Middleware\\StartSession.php(121): Illuminate\\Pipeline\\Pipeline->Illuminate\\Pipeline\\{closure}(Object(Illuminate\\Http\\Request))
#23 D:\\Scuola\\TERZA\\M306\\Progetto 2 M306\\Fyt\\5_Applicativo\\vendor\\laravel\\framework\\src\\Illuminate\\Session\\Middleware\\StartSession.php(64): Illuminate\\Session\\Middleware\\StartSession->handleStatefulRequest(Object(Illuminate\\Http\\Request), Object(Illuminate\\Session\\Store), Object(Closure))
#24 D:\\Scuola\\TERZA\\M306\\Progetto 2 M306\\Fyt\\5_Applicativo\\vendor\\laravel\\framework\\src\\Illuminate\\Pipeline\\Pipeline.php(209): Illuminate\\Session\\Middleware\\StartSession->handle(Object(Illuminate\\Http\\Request), Object(Closure))
#25 D:\\Scuola\\TERZA\\M306\\Progetto 2 M306\\Fyt\\5_Applicativo\\vendor\\laravel\\framework\\src\\Illuminate\\Cookie\\Middleware\\AddQueuedCookiesToResponse.php(37): Illuminate\\Pipeline\\Pipeline->Illuminate\\Pipeline\\{closure}(Object(Illuminate\\Http\\Request))
#26 D:\\Scuola\\TERZA\\M306\\Progetto 2 M306\\Fyt\\5_Applicativo\\vendor\\laravel\\framework\\src\\Illuminate\\Pipeline\\Pipeline.php(209): Illuminate\\Cookie\\Middleware\\AddQueuedCookiesToResponse->handle(Object(Illuminate\\Http\\Request), Object(Closure))
#27 D:\\Scuola\\TERZA\\M306\\Progetto 2 M306\\Fyt\\5_Applicativo\\vendor\\laravel\\framework\\src\\Illuminate\\Cookie\\Middleware\\EncryptCookies.php(75): Illuminate\\Pipeline\\Pipeline->Illuminate\\Pipeline\\{closure}(Object(Illuminate\\Http\\Request))
#28 D:\\Scuola\\TERZA\\M306\\Progetto 2 M306\\Fyt\\5_Applicativo\\vendor\\laravel\\framework\\src\\Illuminate\\Pipeline\\Pipeline.php(209): Illuminate\\Cookie\\Middleware\\EncryptCookies->handle(Object(Illuminate\\Http\\Request), Object(Closure))
#29 D:\\Scuola\\TERZA\\M306\\Progetto 2 M306\\Fyt\\5_Applicativo\\vendor\\laravel\\framework\\src\\Illuminate\\Pipeline\\Pipeline.php(127): Illuminate\\Pipeline\\Pipeline->Illuminate\\Pipeline\\{closure}(Object(Illuminate\\Http\\Request))
#30 D:\\Scuola\\TERZA\\M306\\Progetto 2 M306\\Fyt\\5_Applicativo\\vendor\\laravel\\framework\\src\\Illuminate\\Routing\\Router.php(807): Illuminate\\Pipeline\\Pipeline->then(Object(Closure))
#31 D:\\Scuola\\TERZA\\M306\\Progetto 2 M306\\Fyt\\5_Applicativo\\vendor\\laravel\\framework\\src\\Illuminate\\Routing\\Router.php(786): Illuminate\\Routing\\Router->runRouteWithinStack(Object(Illuminate\\Routing\\Route), Object(Illuminate\\Http\\Request))
#32 D:\\Scuola\\TERZA\\M306\\Progetto 2 M306\\Fyt\\5_Applicativo\\vendor\\laravel\\framework\\src\\Illuminate\\Routing\\Router.php(750): Illuminate\\Routing\\Router->runRoute(Object(Illuminate\\Http\\Request), Object(Illuminate\\Routing\\Route))
#33 D:\\Scuola\\TERZA\\M306\\Progetto 2 M306\\Fyt\\5_Applicativo\\vendor\\laravel\\framework\\src\\Illuminate\\Routing\\Router.php(739): Illuminate\\Routing\\Router->dispatchToRoute(Object(Illuminate\\Http\\Request))
#34 D:\\Scuola\\TERZA\\M306\\Progetto 2 M306\\Fyt\\5_Applicativo\\vendor\\laravel\\framework\\src\\Illuminate\\Foundation\\Http\\Kernel.php(201): Illuminate\\Routing\\Router->dispatch(Object(Illuminate\\Http\\Request))
#35 D:\\Scuola\\TERZA\\M306\\Progetto 2 M306\\Fyt\\5_Applicativo\\vendor\\laravel\\framework\\src\\Illuminate\\Pipeline\\Pipeline.php(170): Illuminate\\Foundation\\Http\\Kernel->Illuminate\\Foundation\\Http\\{closure}(Object(Illuminate\\Http\\Request))
#36 D:\\Scuola\\TERZA\\M306\\Progetto 2 M306\\Fyt\\5_Applicativo\\vendor\\laravel\\framework\\src\\Illuminate\\Foundation\\Http\\Middleware\\TransformsRequest.php(21): Illuminate\\Pipeline\\Pipeline->Illuminate\\Pipeline\\{closure}(Object(Illuminate\\Http\\Request))
#37 D:\\Scuola\\TERZA\\M306\\Progetto 2 M306\\Fyt\\5_Applicativo\\vendor\\laravel\\framework\\src\\Illuminate\\Foundation\\Http\\Middleware\\ConvertEmptyStringsToNull.php(31): Illuminate\\Foundation\\Http\\Middleware\\TransformsRequest->handle(Object(Illuminate\\Http\\Request), Object(Closure))
#38 D:\\Scuola\\TERZA\\M306\\Progetto 2 M306\\Fyt\\5_Applicativo\\vendor\\laravel\\framework\\src\\Illuminate\\Pipeline\\Pipeline.php(209): Illuminate\\Foundation\\Http\\Middleware\\ConvertEmptyStringsToNull->handle(Object(Illuminate\\Http\\Request), Object(Closure))
#39 D:\\Scuola\\TERZA\\M306\\Progetto 2 M306\\Fyt\\5_Applicativo\\vendor\\laravel\\framework\\src\\Illuminate\\Foundation\\Http\\Middleware\\TransformsRequest.php(21): Illuminate\\Pipeline\\Pipeline->Illuminate\\Pipeline\\{closure}(Object(Illuminate\\Http\\Request))
#40 D:\\Scuola\\TERZA\\M306\\Progetto 2 M306\\Fyt\\5_Applicativo\\vendor\\laravel\\framework\\src\\Illuminate\\Foundation\\Http\\Middleware\\TrimStrings.php(51): Illuminate\\Foundation\\Http\\Middleware\\TransformsRequest->handle(Object(Illuminate\\Http\\Request), Object(Closure))
#41 D:\\Scuola\\TERZA\\M306\\Progetto 2 M306\\Fyt\\5_Applicativo\\vendor\\laravel\\framework\\src\\Illuminate\\Pipeline\\Pipeline.php(209): Illuminate\\Foundation\\Http\\Middleware\\TrimStrings->handle(Object(Illuminate\\Http\\Request), Object(Closure))
#42 D:\\Scuola\\TERZA\\M306\\Progetto 2 M306\\Fyt\\5_Applicativo\\vendor\\laravel\\framework\\src\\Illuminate\\Http\\Middleware\\ValidatePostSize.php(27): Illuminate\\Pipeline\\Pipeline->Illuminate\\Pipeline\\{closure}(Object(Illuminate\\Http\\Request))
#43 D:\\Scuola\\TERZA\\M306\\Progetto 2 M306\\Fyt\\5_Applicativo\\vendor\\laravel\\framework\\src\\Illuminate\\Pipeline\\Pipeline.php(209): Illuminate\\Http\\Middleware\\ValidatePostSize->handle(Object(Illuminate\\Http\\Request), Object(Closure))
#44 D:\\Scuola\\TERZA\\M306\\Progetto 2 M306\\Fyt\\5_Applicativo\\vendor\\laravel\\framework\\src\\Illuminate\\Foundation\\Http\\Middleware\\PreventRequestsDuringMaintenance.php(110): Illuminate\\Pipeline\\Pipeline->Illuminate\\Pipeline\\{closure}(Object(Illuminate\\Http\\Request))
#45 D:\\Scuola\\TERZA\\M306\\Progetto 2 M306\\Fyt\\5_Applicativo\\vendor\\laravel\\framework\\src\\Illuminate\\Pipeline\\Pipeline.php(209): Illuminate\\Foundation\\Http\\Middleware\\PreventRequestsDuringMaintenance->handle(Object(Illuminate\\Http\\Request), Object(Closure))
#46 D:\\Scuola\\TERZA\\M306\\Progetto 2 M306\\Fyt\\5_Applicativo\\vendor\\laravel\\framework\\src\\Illuminate\\Http\\Middleware\\HandleCors.php(49): Illuminate\\Pipeline\\Pipeline->Illuminate\\Pipeline\\{closure}(Object(Illuminate\\Http\\Request))
#47 D:\\Scuola\\TERZA\\M306\\Progetto 2 M306\\Fyt\\5_Applicativo\\vendor\\laravel\\framework\\src\\Illuminate\\Pipeline\\Pipeline.php(209): Illuminate\\Http\\Middleware\\HandleCors->handle(Object(Illuminate\\Http\\Request), Object(Closure))
#48 D:\\Scuola\\TERZA\\M306\\Progetto 2 M306\\Fyt\\5_Applicativo\\vendor\\laravel\\framework\\src\\Illuminate\\Http\\Middleware\\TrustProxies.php(58): Illuminate\\Pipeline\\Pipeline->Illuminate\\Pipeline\\{closure}(Object(Illuminate\\Http\\Request))
#49 D:\\Scuola\\TERZA\\M306\\Progetto 2 M306\\Fyt\\5_Applicativo\\vendor\\laravel\\framework\\src\\Illuminate\\Pipeline\\Pipeline.php(209): Illuminate\\Http\\Middleware\\TrustProxies->handle(Object(Illuminate\\Http\\Request), Object(Closure))
#50 D:\\Scuola\\TERZA\\M306\\Progetto 2 M306\\Fyt\\5_Applicativo\\vendor\\laravel\\framework\\src\\Illuminate\\Foundation\\Http\\Middleware\\InvokeDeferredCallbacks.php(22): Illuminate\\Pipeline\\Pipeline->Illuminate\\Pipeline\\{closure}(Object(Illuminate\\Http\\Request))
#51 D:\\Scuola\\TERZA\\M306\\Progetto 2 M306\\Fyt\\5_Applicativo\\vendor\\laravel\\framework\\src\\Illuminate\\Pipeline\\Pipeline.php(209): Illuminate\\Foundation\\Http\\Middleware\\InvokeDeferredCallbacks->handle(Object(Illuminate\\Http\\Request), Object(Closure))
#52 D:\\Scuola\\TERZA\\M306\\Progetto 2 M306\\Fyt\\5_Applicativo\\vendor\\laravel\\framework\\src\\Illuminate\\Pipeline\\Pipeline.php(127): Illuminate\\Pipeline\\Pipeline->Illuminate\\Pipeline\\{closure}(Object(Illuminate\\Http\\Request))
#53 D:\\Scuola\\TERZA\\M306\\Progetto 2 M306\\Fyt\\5_Applicativo\\vendor\\laravel\\framework\\src\\Illuminate\\Foundation\\Http\\Kernel.php(176): Illuminate\\Pipeline\\Pipeline->then(Object(Closure))
#54 D:\\Scuola\\TERZA\\M306\\Progetto 2 M306\\Fyt\\5_Applicativo\\vendor\\laravel\\framework\\src\\Illuminate\\Foundation\\Http\\Kernel.php(145): Illuminate\\Foundation\\Http\\Kernel->sendRequestThroughRouter(Object(Illuminate\\Http\\Request))
#55 D:\\Scuola\\TERZA\\M306\\Progetto 2 M306\\Fyt\\5_Applicativo\\vendor\\laravel\\framework\\src\\Illuminate\\Foundation\\Application.php(1220): Illuminate\\Foundation\\Http\\Kernel->handle(Object(Illuminate\\Http\\Request))
#56 D:\\Scuola\\TERZA\\M306\\Progetto 2 M306\\Fyt\\5_Applicativo\\public\\index.php(17): Illuminate\\Foundation\\Application->handleRequest(Object(Illuminate\\Http\\Request))
#57 D:\\Scuola\\TERZA\\M306\\Progetto 2 M306\\Fyt\\5_Applicativo\\vendor\\laravel\\framework\\src\\Illuminate\\Foundation\\resources\\server.php(23): require_once('D:\\\\Scuola\\\\TERZA...')
#58 {main}
"} 
[2025-02-26 14:58:44] local.ERROR: View [catalog] not found. {"exception":"[object] (InvalidArgumentException(code: 0): View [catalog] not found. at D:\\Scuola\\TERZA\\M306\\Progetto 2 M306\\Fyt\\5_Applicativo\\vendor\\laravel\\framework\\src\\Illuminate\\View\\FileViewFinder.php:139)
[stacktrace]
#0 D:\\Scuola\\TERZA\\M306\\Progetto 2 M306\\Fyt\\5_Applicativo\\vendor\\laravel\\framework\\src\\Illuminate\\View\\FileViewFinder.php(79): Illuminate\\View\\FileViewFinder->findInPaths('catalog', Array)
#1 D:\\Scuola\\TERZA\\M306\\Progetto 2 M306\\Fyt\\5_Applicativo\\vendor\\laravel\\framework\\src\\Illuminate\\View\\Factory.php(151): Illuminate\\View\\FileViewFinder->find('catalog')
#2 D:\\Scuola\\TERZA\\M306\\Progetto 2 M306\\Fyt\\5_Applicativo\\vendor\\laravel\\framework\\src\\Illuminate\\Foundation\\helpers.php(1062): Illuminate\\View\\Factory->make('catalog', Array, Array)
#3 D:\\Scuola\\TERZA\\M306\\Progetto 2 M306\\Fyt\\5_Applicativo\\routes\\web.php(18): view('catalog')
#4 D:\\Scuola\\TERZA\\M306\\Progetto 2 M306\\Fyt\\5_Applicativo\\vendor\\laravel\\framework\\src\\Illuminate\\Routing\\CallableDispatcher.php(40): Illuminate\\Routing\\RouteFileRegistrar->{closure}()
#5 D:\\Scuola\\TERZA\\M306\\Progetto 2 M306\\Fyt\\5_Applicativo\\vendor\\laravel\\framework\\src\\Illuminate\\Routing\\Route.php(244): Illuminate\\Routing\\CallableDispatcher->dispatch(Object(Illuminate\\Routing\\Route), Object(Closure))
#6 D:\\Scuola\\TERZA\\M306\\Progetto 2 M306\\Fyt\\5_Applicativo\\vendor\\laravel\\framework\\src\\Illuminate\\Routing\\Route.php(215): Illuminate\\Routing\\Route->runCallable()
#7 D:\\Scuola\\TERZA\\M306\\Progetto 2 M306\\Fyt\\5_Applicativo\\vendor\\laravel\\framework\\src\\Illuminate\\Routing\\Router.php(808): Illuminate\\Routing\\Route->run()
#8 D:\\Scuola\\TERZA\\M306\\Progetto 2 M306\\Fyt\\5_Applicativo\\vendor\\laravel\\framework\\src\\Illuminate\\Pipeline\\Pipeline.php(170): Illuminate\\Routing\\Router->Illuminate\\Routing\\{closure}(Object(Illuminate\\Http\\Request))
#9 D:\\Scuola\\TERZA\\M306\\Progetto 2 M306\\Fyt\\5_Applicativo\\vendor\\laravel\\framework\\src\\Illuminate\\Routing\\Middleware\\SubstituteBindings.php(51): Illuminate\\Pipeline\\Pipeline->Illuminate\\Pipeline\\{closure}(Object(Illuminate\\Http\\Request))
#10 D:\\Scuola\\TERZA\\M306\\Progetto 2 M306\\Fyt\\5_Applicativo\\vendor\\laravel\\framework\\src\\Illuminate\\Pipeline\\Pipeline.php(209): Illuminate\\Routing\\Middleware\\SubstituteBindings->handle(Object(Illuminate\\Http\\Request), Object(Closure))
#11 D:\\Scuola\\TERZA\\M306\\Progetto 2 M306\\Fyt\\5_Applicativo\\vendor\\laravel\\framework\\src\\Illuminate\\Foundation\\Http\\Middleware\\VerifyCsrfToken.php(88): Illuminate\\Pipeline\\Pipeline->Illuminate\\Pipeline\\{closure}(Object(Illuminate\\Http\\Request))
#12 D:\\Scuola\\TERZA\\M306\\Progetto 2 M306\\Fyt\\5_Applicativo\\vendor\\laravel\\framework\\src\\Illuminate\\Pipeline\\Pipeline.php(209): Illuminate\\Foundation\\Http\\Middleware\\VerifyCsrfToken->handle(Object(Illuminate\\Http\\Request), Object(Closure))
#13 D:\\Scuola\\TERZA\\M306\\Progetto 2 M306\\Fyt\\5_Applicativo\\vendor\\laravel\\framework\\src\\Illuminate\\View\\Middleware\\ShareErrorsFromSession.php(49): Illuminate\\Pipeline\\Pipeline->Illuminate\\Pipeline\\{closure}(Object(Illuminate\\Http\\Request))
#14 D:\\Scuola\\TERZA\\M306\\Progetto 2 M306\\Fyt\\5_Applicativo\\vendor\\laravel\\framework\\src\\Illuminate\\Pipeline\\Pipeline.php(209): Illuminate\\View\\Middleware\\ShareErrorsFromSession->handle(Object(Illuminate\\Http\\Request), Object(Closure))
#15 D:\\Scuola\\TERZA\\M306\\Progetto 2 M306\\Fyt\\5_Applicativo\\vendor\\laravel\\framework\\src\\Illuminate\\Session\\Middleware\\StartSession.php(121): Illuminate\\Pipeline\\Pipeline->Illuminate\\Pipeline\\{closure}(Object(Illuminate\\Http\\Request))
#16 D:\\Scuola\\TERZA\\M306\\Progetto 2 M306\\Fyt\\5_Applicativo\\vendor\\laravel\\framework\\src\\Illuminate\\Session\\Middleware\\StartSession.php(64): Illuminate\\Session\\Middleware\\StartSession->handleStatefulRequest(Object(Illuminate\\Http\\Request), Object(Illuminate\\Session\\Store), Object(Closure))
#17 D:\\Scuola\\TERZA\\M306\\Progetto 2 M306\\Fyt\\5_Applicativo\\vendor\\laravel\\framework\\src\\Illuminate\\Pipeline\\Pipeline.php(209): Illuminate\\Session\\Middleware\\StartSession->handle(Object(Illuminate\\Http\\Request), Object(Closure))
#18 D:\\Scuola\\TERZA\\M306\\Progetto 2 M306\\Fyt\\5_Applicativo\\vendor\\laravel\\framework\\src\\Illuminate\\Cookie\\Middleware\\AddQueuedCookiesToResponse.php(37): Illuminate\\Pipeline\\Pipeline->Illuminate\\Pipeline\\{closure}(Object(Illuminate\\Http\\Request))
#19 D:\\Scuola\\TERZA\\M306\\Progetto 2 M306\\Fyt\\5_Applicativo\\vendor\\laravel\\framework\\src\\Illuminate\\Pipeline\\Pipeline.php(209): Illuminate\\Cookie\\Middleware\\AddQueuedCookiesToResponse->handle(Object(Illuminate\\Http\\Request), Object(Closure))
#20 D:\\Scuola\\TERZA\\M306\\Progetto 2 M306\\Fyt\\5_Applicativo\\vendor\\laravel\\framework\\src\\Illuminate\\Cookie\\Middleware\\EncryptCookies.php(75): Illuminate\\Pipeline\\Pipeline->Illuminate\\Pipeline\\{closure}(Object(Illuminate\\Http\\Request))
#21 D:\\Scuola\\TERZA\\M306\\Progetto 2 M306\\Fyt\\5_Applicativo\\vendor\\laravel\\framework\\src\\Illuminate\\Pipeline\\Pipeline.php(209): Illuminate\\Cookie\\Middleware\\EncryptCookies->handle(Object(Illuminate\\Http\\Request), Object(Closure))
#22 D:\\Scuola\\TERZA\\M306\\Progetto 2 M306\\Fyt\\5_Applicativo\\vendor\\laravel\\framework\\src\\Illuminate\\Pipeline\\Pipeline.php(127): Illuminate\\Pipeline\\Pipeline->Illuminate\\Pipeline\\{closure}(Object(Illuminate\\Http\\Request))
#23 D:\\Scuola\\TERZA\\M306\\Progetto 2 M306\\Fyt\\5_Applicativo\\vendor\\laravel\\framework\\src\\Illuminate\\Routing\\Router.php(807): Illuminate\\Pipeline\\Pipeline->then(Object(Closure))
#24 D:\\Scuola\\TERZA\\M306\\Progetto 2 M306\\Fyt\\5_Applicativo\\vendor\\laravel\\framework\\src\\Illuminate\\Routing\\Router.php(786): Illuminate\\Routing\\Router->runRouteWithinStack(Object(Illuminate\\Routing\\Route), Object(Illuminate\\Http\\Request))
#25 D:\\Scuola\\TERZA\\M306\\Progetto 2 M306\\Fyt\\5_Applicativo\\vendor\\laravel\\framework\\src\\Illuminate\\Routing\\Router.php(750): Illuminate\\Routing\\Router->runRoute(Object(Illuminate\\Http\\Request), Object(Illuminate\\Routing\\Route))
#26 D:\\Scuola\\TERZA\\M306\\Progetto 2 M306\\Fyt\\5_Applicativo\\vendor\\laravel\\framework\\src\\Illuminate\\Routing\\Router.php(739): Illuminate\\Routing\\Router->dispatchToRoute(Object(Illuminate\\Http\\Request))
#27 D:\\Scuola\\TERZA\\M306\\Progetto 2 M306\\Fyt\\5_Applicativo\\vendor\\laravel\\framework\\src\\Illuminate\\Foundation\\Http\\Kernel.php(201): Illuminate\\Routing\\Router->dispatch(Object(Illuminate\\Http\\Request))
#28 D:\\Scuola\\TERZA\\M306\\Progetto 2 M306\\Fyt\\5_Applicativo\\vendor\\laravel\\framework\\src\\Illuminate\\Pipeline\\Pipeline.php(170): Illuminate\\Foundation\\Http\\Kernel->Illuminate\\Foundation\\Http\\{closure}(Object(Illuminate\\Http\\Request))
#29 D:\\Scuola\\TERZA\\M306\\Progetto 2 M306\\Fyt\\5_Applicativo\\vendor\\laravel\\framework\\src\\Illuminate\\Foundation\\Http\\Middleware\\TransformsRequest.php(21): Illuminate\\Pipeline\\Pipeline->Illuminate\\Pipeline\\{closure}(Object(Illuminate\\Http\\Request))
#30 D:\\Scuola\\TERZA\\M306\\Progetto 2 M306\\Fyt\\5_Applicativo\\vendor\\laravel\\framework\\src\\Illuminate\\Foundation\\Http\\Middleware\\ConvertEmptyStringsToNull.php(31): Illuminate\\Foundation\\Http\\Middleware\\TransformsRequest->handle(Object(Illuminate\\Http\\Request), Object(Closure))
#31 D:\\Scuola\\TERZA\\M306\\Progetto 2 M306\\Fyt\\5_Applicativo\\vendor\\laravel\\framework\\src\\Illuminate\\Pipeline\\Pipeline.php(209): Illuminate\\Foundation\\Http\\Middleware\\ConvertEmptyStringsToNull->handle(Object(Illuminate\\Http\\Request), Object(Closure))
#32 D:\\Scuola\\TERZA\\M306\\Progetto 2 M306\\Fyt\\5_Applicativo\\vendor\\laravel\\framework\\src\\Illuminate\\Foundation\\Http\\Middleware\\TransformsRequest.php(21): Illuminate\\Pipeline\\Pipeline->Illuminate\\Pipeline\\{closure}(Object(Illuminate\\Http\\Request))
#33 D:\\Scuola\\TERZA\\M306\\Progetto 2 M306\\Fyt\\5_Applicativo\\vendor\\laravel\\framework\\src\\Illuminate\\Foundation\\Http\\Middleware\\TrimStrings.php(51): Illuminate\\Foundation\\Http\\Middleware\\TransformsRequest->handle(Object(Illuminate\\Http\\Request), Object(Closure))
#34 D:\\Scuola\\TERZA\\M306\\Progetto 2 M306\\Fyt\\5_Applicativo\\vendor\\laravel\\framework\\src\\Illuminate\\Pipeline\\Pipeline.php(209): Illuminate\\Foundation\\Http\\Middleware\\TrimStrings->handle(Object(Illuminate\\Http\\Request), Object(Closure))
#35 D:\\Scuola\\TERZA\\M306\\Progetto 2 M306\\Fyt\\5_Applicativo\\vendor\\laravel\\framework\\src\\Illuminate\\Http\\Middleware\\ValidatePostSize.php(27): Illuminate\\Pipeline\\Pipeline->Illuminate\\Pipeline\\{closure}(Object(Illuminate\\Http\\Request))
#36 D:\\Scuola\\TERZA\\M306\\Progetto 2 M306\\Fyt\\5_Applicativo\\vendor\\laravel\\framework\\src\\Illuminate\\Pipeline\\Pipeline.php(209): Illuminate\\Http\\Middleware\\ValidatePostSize->handle(Object(Illuminate\\Http\\Request), Object(Closure))
#37 D:\\Scuola\\TERZA\\M306\\Progetto 2 M306\\Fyt\\5_Applicativo\\vendor\\laravel\\framework\\src\\Illuminate\\Foundation\\Http\\Middleware\\PreventRequestsDuringMaintenance.php(110): Illuminate\\Pipeline\\Pipeline->Illuminate\\Pipeline\\{closure}(Object(Illuminate\\Http\\Request))
#38 D:\\Scuola\\TERZA\\M306\\Progetto 2 M306\\Fyt\\5_Applicativo\\vendor\\laravel\\framework\\src\\Illuminate\\Pipeline\\Pipeline.php(209): Illuminate\\Foundation\\Http\\Middleware\\PreventRequestsDuringMaintenance->handle(Object(Illuminate\\Http\\Request), Object(Closure))
#39 D:\\Scuola\\TERZA\\M306\\Progetto 2 M306\\Fyt\\5_Applicativo\\vendor\\laravel\\framework\\src\\Illuminate\\Http\\Middleware\\HandleCors.php(49): Illuminate\\Pipeline\\Pipeline->Illuminate\\Pipeline\\{closure}(Object(Illuminate\\Http\\Request))
#40 D:\\Scuola\\TERZA\\M306\\Progetto 2 M306\\Fyt\\5_Applicativo\\vendor\\laravel\\framework\\src\\Illuminate\\Pipeline\\Pipeline.php(209): Illuminate\\Http\\Middleware\\HandleCors->handle(Object(Illuminate\\Http\\Request), Object(Closure))
#41 D:\\Scuola\\TERZA\\M306\\Progetto 2 M306\\Fyt\\5_Applicativo\\vendor\\laravel\\framework\\src\\Illuminate\\Http\\Middleware\\TrustProxies.php(58): Illuminate\\Pipeline\\Pipeline->Illuminate\\Pipeline\\{closure}(Object(Illuminate\\Http\\Request))
#42 D:\\Scuola\\TERZA\\M306\\Progetto 2 M306\\Fyt\\5_Applicativo\\vendor\\laravel\\framework\\src\\Illuminate\\Pipeline\\Pipeline.php(209): Illuminate\\Http\\Middleware\\TrustProxies->handle(Object(Illuminate\\Http\\Request), Object(Closure))
#43 D:\\Scuola\\TERZA\\M306\\Progetto 2 M306\\Fyt\\5_Applicativo\\vendor\\laravel\\framework\\src\\Illuminate\\Foundation\\Http\\Middleware\\InvokeDeferredCallbacks.php(22): Illuminate\\Pipeline\\Pipeline->Illuminate\\Pipeline\\{closure}(Object(Illuminate\\Http\\Request))
#44 D:\\Scuola\\TERZA\\M306\\Progetto 2 M306\\Fyt\\5_Applicativo\\vendor\\laravel\\framework\\src\\Illuminate\\Pipeline\\Pipeline.php(209): Illuminate\\Foundation\\Http\\Middleware\\InvokeDeferredCallbacks->handle(Object(Illuminate\\Http\\Request), Object(Closure))
#45 D:\\Scuola\\TERZA\\M306\\Progetto 2 M306\\Fyt\\5_Applicativo\\vendor\\laravel\\framework\\src\\Illuminate\\Pipeline\\Pipeline.php(127): Illuminate\\Pipeline\\Pipeline->Illuminate\\Pipeline\\{closure}(Object(Illuminate\\Http\\Request))
#46 D:\\Scuola\\TERZA\\M306\\Progetto 2 M306\\Fyt\\5_Applicativo\\vendor\\laravel\\framework\\src\\Illuminate\\Foundation\\Http\\Kernel.php(176): Illuminate\\Pipeline\\Pipeline->then(Object(Closure))
#47 D:\\Scuola\\TERZA\\M306\\Progetto 2 M306\\Fyt\\5_Applicativo\\vendor\\laravel\\framework\\src\\Illuminate\\Foundation\\Http\\Kernel.php(145): Illuminate\\Foundation\\Http\\Kernel->sendRequestThroughRouter(Object(Illuminate\\Http\\Request))
#48 D:\\Scuola\\TERZA\\M306\\Progetto 2 M306\\Fyt\\5_Applicativo\\vendor\\laravel\\framework\\src\\Illuminate\\Foundation\\Application.php(1220): Illuminate\\Foundation\\Http\\Kernel->handle(Object(Illuminate\\Http\\Request))
#49 D:\\Scuola\\TERZA\\M306\\Progetto 2 M306\\Fyt\\5_Applicativo\\public\\index.php(17): Illuminate\\Foundation\\Application->handleRequest(Object(Illuminate\\Http\\Request))
#50 D:\\Scuola\\TERZA\\M306\\Progetto 2 M306\\Fyt\\5_Applicativo\\vendor\\laravel\\framework\\src\\Illuminate\\Foundation\\resources\\server.php(23): require_once('D:\\\\Scuola\\\\TERZA...')
#51 {main}
"} 
[2025-02-26 14:58:55] local.ERROR: View [template.header] not found. (View: D:\Scuola\TERZA\M306\Progetto 2 M306\Fyt\5_Applicativo\resources\views\catalog.blade.php) {"exception":"[object] (Illuminate\\View\\ViewException(code: 0): View [template.header] not found. (View: D:\\Scuola\\TERZA\\M306\\Progetto 2 M306\\Fyt\\5_Applicativo\\resources\\views\\catalog.blade.php) at D:\\Scuola\\TERZA\\M306\\Progetto 2 M306\\Fyt\\5_Applicativo\\vendor\\laravel\\framework\\src\\Illuminate\\View\\FileViewFinder.php:139)
[stacktrace]
#0 D:\\Scuola\\TERZA\\M306\\Progetto 2 M306\\Fyt\\5_Applicativo\\vendor\\laravel\\framework\\src\\Illuminate\\View\\Engines\\PhpEngine.php(60): Illuminate\\View\\Engines\\CompilerEngine->handleViewException(Object(InvalidArgumentException), 1)
#1 D:\\Scuola\\TERZA\\M306\\Progetto 2 M306\\Fyt\\5_Applicativo\\vendor\\laravel\\framework\\src\\Illuminate\\View\\Engines\\CompilerEngine.php(75): Illuminate\\View\\Engines\\PhpEngine->evaluatePath('D:\\\\Scuola\\\\TERZA...', Array)
#2 D:\\Scuola\\TERZA\\M306\\Progetto 2 M306\\Fyt\\5_Applicativo\\vendor\\laravel\\framework\\src\\Illuminate\\View\\View.php(209): Illuminate\\View\\Engines\\CompilerEngine->get('D:\\\\Scuola\\\\TERZA...', Array)
#3 D:\\Scuola\\TERZA\\M306\\Progetto 2 M306\\Fyt\\5_Applicativo\\vendor\\laravel\\framework\\src\\Illuminate\\View\\View.php(192): Illuminate\\View\\View->getContents()
#4 D:\\Scuola\\TERZA\\M306\\Progetto 2 M306\\Fyt\\5_Applicativo\\vendor\\laravel\\framework\\src\\Illuminate\\View\\View.php(161): Illuminate\\View\\View->renderContents()
#5 D:\\Scuola\\TERZA\\M306\\Progetto 2 M306\\Fyt\\5_Applicativo\\vendor\\laravel\\framework\\src\\Illuminate\\Http\\Response.php(79): Illuminate\\View\\View->render()
#6 D:\\Scuola\\TERZA\\M306\\Progetto 2 M306\\Fyt\\5_Applicativo\\vendor\\laravel\\framework\\src\\Illuminate\\Http\\Response.php(35): Illuminate\\Http\\Response->setContent(Object(Illuminate\\View\\View))
#7 D:\\Scuola\\TERZA\\M306\\Progetto 2 M306\\Fyt\\5_Applicativo\\vendor\\laravel\\framework\\src\\Illuminate\\Routing\\Router.php(920): Illuminate\\Http\\Response->__construct(Object(Illuminate\\View\\View), 200, Array)
#8 D:\\Scuola\\TERZA\\M306\\Progetto 2 M306\\Fyt\\5_Applicativo\\vendor\\laravel\\framework\\src\\Illuminate\\Routing\\Router.php(887): Illuminate\\Routing\\Router::toResponse(Object(Illuminate\\Http\\Request), Object(Illuminate\\View\\View))
#9 D:\\Scuola\\TERZA\\M306\\Progetto 2 M306\\Fyt\\5_Applicativo\\vendor\\laravel\\framework\\src\\Illuminate\\Routing\\Router.php(807): Illuminate\\Routing\\Router->prepareResponse(Object(Illuminate\\Http\\Request), Object(Illuminate\\View\\View))
#10 D:\\Scuola\\TERZA\\M306\\Progetto 2 M306\\Fyt\\5_Applicativo\\vendor\\laravel\\framework\\src\\Illuminate\\Pipeline\\Pipeline.php(170): Illuminate\\Routing\\Router->Illuminate\\Routing\\{closure}(Object(Illuminate\\Http\\Request))
#11 D:\\Scuola\\TERZA\\M306\\Progetto 2 M306\\Fyt\\5_Applicativo\\vendor\\laravel\\framework\\src\\Illuminate\\Routing\\Middleware\\SubstituteBindings.php(51): Illuminate\\Pipeline\\Pipeline->Illuminate\\Pipeline\\{closure}(Object(Illuminate\\Http\\Request))
#12 D:\\Scuola\\TERZA\\M306\\Progetto 2 M306\\Fyt\\5_Applicativo\\vendor\\laravel\\framework\\src\\Illuminate\\Pipeline\\Pipeline.php(209): Illuminate\\Routing\\Middleware\\SubstituteBindings->handle(Object(Illuminate\\Http\\Request), Object(Closure))
#13 D:\\Scuola\\TERZA\\M306\\Progetto 2 M306\\Fyt\\5_Applicativo\\vendor\\laravel\\framework\\src\\Illuminate\\Foundation\\Http\\Middleware\\VerifyCsrfToken.php(88): Illuminate\\Pipeline\\Pipeline->Illuminate\\Pipeline\\{closure}(Object(Illuminate\\Http\\Request))
#14 D:\\Scuola\\TERZA\\M306\\Progetto 2 M306\\Fyt\\5_Applicativo\\vendor\\laravel\\framework\\src\\Illuminate\\Pipeline\\Pipeline.php(209): Illuminate\\Foundation\\Http\\Middleware\\VerifyCsrfToken->handle(Object(Illuminate\\Http\\Request), Object(Closure))
#15 D:\\Scuola\\TERZA\\M306\\Progetto 2 M306\\Fyt\\5_Applicativo\\vendor\\laravel\\framework\\src\\Illuminate\\View\\Middleware\\ShareErrorsFromSession.php(49): Illuminate\\Pipeline\\Pipeline->Illuminate\\Pipeline\\{closure}(Object(Illuminate\\Http\\Request))
#16 D:\\Scuola\\TERZA\\M306\\Progetto 2 M306\\Fyt\\5_Applicativo\\vendor\\laravel\\framework\\src\\Illuminate\\Pipeline\\Pipeline.php(209): Illuminate\\View\\Middleware\\ShareErrorsFromSession->handle(Object(Illuminate\\Http\\Request), Object(Closure))
#17 D:\\Scuola\\TERZA\\M306\\Progetto 2 M306\\Fyt\\5_Applicativo\\vendor\\laravel\\framework\\src\\Illuminate\\Session\\Middleware\\StartSession.php(121): Illuminate\\Pipeline\\Pipeline->Illuminate\\Pipeline\\{closure}(Object(Illuminate\\Http\\Request))
#18 D:\\Scuola\\TERZA\\M306\\Progetto 2 M306\\Fyt\\5_Applicativo\\vendor\\laravel\\framework\\src\\Illuminate\\Session\\Middleware\\StartSession.php(64): Illuminate\\Session\\Middleware\\StartSession->handleStatefulRequest(Object(Illuminate\\Http\\Request), Object(Illuminate\\Session\\Store), Object(Closure))
#19 D:\\Scuola\\TERZA\\M306\\Progetto 2 M306\\Fyt\\5_Applicativo\\vendor\\laravel\\framework\\src\\Illuminate\\Pipeline\\Pipeline.php(209): Illuminate\\Session\\Middleware\\StartSession->handle(Object(Illuminate\\Http\\Request), Object(Closure))
#20 D:\\Scuola\\TERZA\\M306\\Progetto 2 M306\\Fyt\\5_Applicativo\\vendor\\laravel\\framework\\src\\Illuminate\\Cookie\\Middleware\\AddQueuedCookiesToResponse.php(37): Illuminate\\Pipeline\\Pipeline->Illuminate\\Pipeline\\{closure}(Object(Illuminate\\Http\\Request))
#21 D:\\Scuola\\TERZA\\M306\\Progetto 2 M306\\Fyt\\5_Applicativo\\vendor\\laravel\\framework\\src\\Illuminate\\Pipeline\\Pipeline.php(209): Illuminate\\Cookie\\Middleware\\AddQueuedCookiesToResponse->handle(Object(Illuminate\\Http\\Request), Object(Closure))
#22 D:\\Scuola\\TERZA\\M306\\Progetto 2 M306\\Fyt\\5_Applicativo\\vendor\\laravel\\framework\\src\\Illuminate\\Cookie\\Middleware\\EncryptCookies.php(75): Illuminate\\Pipeline\\Pipeline->Illuminate\\Pipeline\\{closure}(Object(Illuminate\\Http\\Request))
#23 D:\\Scuola\\TERZA\\M306\\Progetto 2 M306\\Fyt\\5_Applicativo\\vendor\\laravel\\framework\\src\\Illuminate\\Pipeline\\Pipeline.php(209): Illuminate\\Cookie\\Middleware\\EncryptCookies->handle(Object(Illuminate\\Http\\Request), Object(Closure))
#24 D:\\Scuola\\TERZA\\M306\\Progetto 2 M306\\Fyt\\5_Applicativo\\vendor\\laravel\\framework\\src\\Illuminate\\Pipeline\\Pipeline.php(127): Illuminate\\Pipeline\\Pipeline->Illuminate\\Pipeline\\{closure}(Object(Illuminate\\Http\\Request))
#25 D:\\Scuola\\TERZA\\M306\\Progetto 2 M306\\Fyt\\5_Applicativo\\vendor\\laravel\\framework\\src\\Illuminate\\Routing\\Router.php(807): Illuminate\\Pipeline\\Pipeline->then(Object(Closure))
#26 D:\\Scuola\\TERZA\\M306\\Progetto 2 M306\\Fyt\\5_Applicativo\\vendor\\laravel\\framework\\src\\Illuminate\\Routing\\Router.php(786): Illuminate\\Routing\\Router->runRouteWithinStack(Object(Illuminate\\Routing\\Route), Object(Illuminate\\Http\\Request))
#27 D:\\Scuola\\TERZA\\M306\\Progetto 2 M306\\Fyt\\5_Applicativo\\vendor\\laravel\\framework\\src\\Illuminate\\Routing\\Router.php(750): Illuminate\\Routing\\Router->runRoute(Object(Illuminate\\Http\\Request), Object(Illuminate\\Routing\\Route))
#28 D:\\Scuola\\TERZA\\M306\\Progetto 2 M306\\Fyt\\5_Applicativo\\vendor\\laravel\\framework\\src\\Illuminate\\Routing\\Router.php(739): Illuminate\\Routing\\Router->dispatchToRoute(Object(Illuminate\\Http\\Request))
#29 D:\\Scuola\\TERZA\\M306\\Progetto 2 M306\\Fyt\\5_Applicativo\\vendor\\laravel\\framework\\src\\Illuminate\\Foundation\\Http\\Kernel.php(201): Illuminate\\Routing\\Router->dispatch(Object(Illuminate\\Http\\Request))
#30 D:\\Scuola\\TERZA\\M306\\Progetto 2 M306\\Fyt\\5_Applicativo\\vendor\\laravel\\framework\\src\\Illuminate\\Pipeline\\Pipeline.php(170): Illuminate\\Foundation\\Http\\Kernel->Illuminate\\Foundation\\Http\\{closure}(Object(Illuminate\\Http\\Request))
#31 D:\\Scuola\\TERZA\\M306\\Progetto 2 M306\\Fyt\\5_Applicativo\\vendor\\laravel\\framework\\src\\Illuminate\\Foundation\\Http\\Middleware\\TransformsRequest.php(21): Illuminate\\Pipeline\\Pipeline->Illuminate\\Pipeline\\{closure}(Object(Illuminate\\Http\\Request))
#32 D:\\Scuola\\TERZA\\M306\\Progetto 2 M306\\Fyt\\5_Applicativo\\vendor\\laravel\\framework\\src\\Illuminate\\Foundation\\Http\\Middleware\\ConvertEmptyStringsToNull.php(31): Illuminate\\Foundation\\Http\\Middleware\\TransformsRequest->handle(Object(Illuminate\\Http\\Request), Object(Closure))
#33 D:\\Scuola\\TERZA\\M306\\Progetto 2 M306\\Fyt\\5_Applicativo\\vendor\\laravel\\framework\\src\\Illuminate\\Pipeline\\Pipeline.php(209): Illuminate\\Foundation\\Http\\Middleware\\ConvertEmptyStringsToNull->handle(Object(Illuminate\\Http\\Request), Object(Closure))
#34 D:\\Scuola\\TERZA\\M306\\Progetto 2 M306\\Fyt\\5_Applicativo\\vendor\\laravel\\framework\\src\\Illuminate\\Foundation\\Http\\Middleware\\TransformsRequest.php(21): Illuminate\\Pipeline\\Pipeline->Illuminate\\Pipeline\\{closure}(Object(Illuminate\\Http\\Request))
#35 D:\\Scuola\\TERZA\\M306\\Progetto 2 M306\\Fyt\\5_Applicativo\\vendor\\laravel\\framework\\src\\Illuminate\\Foundation\\Http\\Middleware\\TrimStrings.php(51): Illuminate\\Foundation\\Http\\Middleware\\TransformsRequest->handle(Object(Illuminate\\Http\\Request), Object(Closure))
#36 D:\\Scuola\\TERZA\\M306\\Progetto 2 M306\\Fyt\\5_Applicativo\\vendor\\laravel\\framework\\src\\Illuminate\\Pipeline\\Pipeline.php(209): Illuminate\\Foundation\\Http\\Middleware\\TrimStrings->handle(Object(Illuminate\\Http\\Request), Object(Closure))
#37 D:\\Scuola\\TERZA\\M306\\Progetto 2 M306\\Fyt\\5_Applicativo\\vendor\\laravel\\framework\\src\\Illuminate\\Http\\Middleware\\ValidatePostSize.php(27): Illuminate\\Pipeline\\Pipeline->Illuminate\\Pipeline\\{closure}(Object(Illuminate\\Http\\Request))
#38 D:\\Scuola\\TERZA\\M306\\Progetto 2 M306\\Fyt\\5_Applicativo\\vendor\\laravel\\framework\\src\\Illuminate\\Pipeline\\Pipeline.php(209): Illuminate\\Http\\Middleware\\ValidatePostSize->handle(Object(Illuminate\\Http\\Request), Object(Closure))
#39 D:\\Scuola\\TERZA\\M306\\Progetto 2 M306\\Fyt\\5_Applicativo\\vendor\\laravel\\framework\\src\\Illuminate\\Foundation\\Http\\Middleware\\PreventRequestsDuringMaintenance.php(110): Illuminate\\Pipeline\\Pipeline->Illuminate\\Pipeline\\{closure}(Object(Illuminate\\Http\\Request))
#40 D:\\Scuola\\TERZA\\M306\\Progetto 2 M306\\Fyt\\5_Applicativo\\vendor\\laravel\\framework\\src\\Illuminate\\Pipeline\\Pipeline.php(209): Illuminate\\Foundation\\Http\\Middleware\\PreventRequestsDuringMaintenance->handle(Object(Illuminate\\Http\\Request), Object(Closure))
#41 D:\\Scuola\\TERZA\\M306\\Progetto 2 M306\\Fyt\\5_Applicativo\\vendor\\laravel\\framework\\src\\Illuminate\\Http\\Middleware\\HandleCors.php(49): Illuminate\\Pipeline\\Pipeline->Illuminate\\Pipeline\\{closure}(Object(Illuminate\\Http\\Request))
#42 D:\\Scuola\\TERZA\\M306\\Progetto 2 M306\\Fyt\\5_Applicativo\\vendor\\laravel\\framework\\src\\Illuminate\\Pipeline\\Pipeline.php(209): Illuminate\\Http\\Middleware\\HandleCors->handle(Object(Illuminate\\Http\\Request), Object(Closure))
#43 D:\\Scuola\\TERZA\\M306\\Progetto 2 M306\\Fyt\\5_Applicativo\\vendor\\laravel\\framework\\src\\Illuminate\\Http\\Middleware\\TrustProxies.php(58): Illuminate\\Pipeline\\Pipeline->Illuminate\\Pipeline\\{closure}(Object(Illuminate\\Http\\Request))
#44 D:\\Scuola\\TERZA\\M306\\Progetto 2 M306\\Fyt\\5_Applicativo\\vendor\\laravel\\framework\\src\\Illuminate\\Pipeline\\Pipeline.php(209): Illuminate\\Http\\Middleware\\TrustProxies->handle(Object(Illuminate\\Http\\Request), Object(Closure))
#45 D:\\Scuola\\TERZA\\M306\\Progetto 2 M306\\Fyt\\5_Applicativo\\vendor\\laravel\\framework\\src\\Illuminate\\Foundation\\Http\\Middleware\\InvokeDeferredCallbacks.php(22): Illuminate\\Pipeline\\Pipeline->Illuminate\\Pipeline\\{closure}(Object(Illuminate\\Http\\Request))
#46 D:\\Scuola\\TERZA\\M306\\Progetto 2 M306\\Fyt\\5_Applicativo\\vendor\\laravel\\framework\\src\\Illuminate\\Pipeline\\Pipeline.php(209): Illuminate\\Foundation\\Http\\Middleware\\InvokeDeferredCallbacks->handle(Object(Illuminate\\Http\\Request), Object(Closure))
#47 D:\\Scuola\\TERZA\\M306\\Progetto 2 M306\\Fyt\\5_Applicativo\\vendor\\laravel\\framework\\src\\Illuminate\\Pipeline\\Pipeline.php(127): Illuminate\\Pipeline\\Pipeline->Illuminate\\Pipeline\\{closure}(Object(Illuminate\\Http\\Request))
#48 D:\\Scuola\\TERZA\\M306\\Progetto 2 M306\\Fyt\\5_Applicativo\\vendor\\laravel\\framework\\src\\Illuminate\\Foundation\\Http\\Kernel.php(176): Illuminate\\Pipeline\\Pipeline->then(Object(Closure))
#49 D:\\Scuola\\TERZA\\M306\\Progetto 2 M306\\Fyt\\5_Applicativo\\vendor\\laravel\\framework\\src\\Illuminate\\Foundation\\Http\\Kernel.php(145): Illuminate\\Foundation\\Http\\Kernel->sendRequestThroughRouter(Object(Illuminate\\Http\\Request))
#50 D:\\Scuola\\TERZA\\M306\\Progetto 2 M306\\Fyt\\5_Applicativo\\vendor\\laravel\\framework\\src\\Illuminate\\Foundation\\Application.php(1220): Illuminate\\Foundation\\Http\\Kernel->handle(Object(Illuminate\\Http\\Request))
#51 D:\\Scuola\\TERZA\\M306\\Progetto 2 M306\\Fyt\\5_Applicativo\\public\\index.php(17): Illuminate\\Foundation\\Application->handleRequest(Object(Illuminate\\Http\\Request))
#52 D:\\Scuola\\TERZA\\M306\\Progetto 2 M306\\Fyt\\5_Applicativo\\vendor\\laravel\\framework\\src\\Illuminate\\Foundation\\resources\\server.php(23): require_once('D:\\\\Scuola\\\\TERZA...')
#53 {main}

[previous exception] [object] (InvalidArgumentException(code: 0): View [template.header] not found. at D:\\Scuola\\TERZA\\M306\\Progetto 2 M306\\Fyt\\5_Applicativo\\vendor\\laravel\\framework\\src\\Illuminate\\View\\FileViewFinder.php:139)
[stacktrace]
#0 D:\\Scuola\\TERZA\\M306\\Progetto 2 M306\\Fyt\\5_Applicativo\\vendor\\laravel\\framework\\src\\Illuminate\\View\\FileViewFinder.php(79): Illuminate\\View\\FileViewFinder->findInPaths('template.header', Array)
#1 D:\\Scuola\\TERZA\\M306\\Progetto 2 M306\\Fyt\\5_Applicativo\\vendor\\laravel\\framework\\src\\Illuminate\\View\\Factory.php(151): Illuminate\\View\\FileViewFinder->find('template.header')
#2 D:\\Scuola\\TERZA\\M306\\Progetto 2 M306\\Fyt\\5_Applicativo\\storage\\framework\\views\\a492e8e4f50a8130b3161642e373530f.php(2): Illuminate\\View\\Factory->make('template.header', Array)
#3 D:\\Scuola\\TERZA\\M306\\Progetto 2 M306\\Fyt\\5_Applicativo\\vendor\\laravel\\framework\\src\\Illuminate\\Filesystem\\Filesystem.php(123): require('D:\\\\Scuola\\\\TERZA...')
#4 D:\\Scuola\\TERZA\\M306\\Progetto 2 M306\\Fyt\\5_Applicativo\\vendor\\laravel\\framework\\src\\Illuminate\\Filesystem\\Filesystem.php(124): Illuminate\\Filesystem\\Filesystem::Illuminate\\Filesystem\\{closure}()
#5 D:\\Scuola\\TERZA\\M306\\Progetto 2 M306\\Fyt\\5_Applicativo\\vendor\\laravel\\framework\\src\\Illuminate\\View\\Engines\\PhpEngine.php(58): Illuminate\\Filesystem\\Filesystem->getRequire('D:\\\\Scuola\\\\TERZA...', Array)
#6 D:\\Scuola\\TERZA\\M306\\Progetto 2 M306\\Fyt\\5_Applicativo\\vendor\\laravel\\framework\\src\\Illuminate\\View\\Engines\\CompilerEngine.php(75): Illuminate\\View\\Engines\\PhpEngine->evaluatePath('D:\\\\Scuola\\\\TERZA...', Array)
#7 D:\\Scuola\\TERZA\\M306\\Progetto 2 M306\\Fyt\\5_Applicativo\\vendor\\laravel\\framework\\src\\Illuminate\\View\\View.php(209): Illuminate\\View\\Engines\\CompilerEngine->get('D:\\\\Scuola\\\\TERZA...', Array)
#8 D:\\Scuola\\TERZA\\M306\\Progetto 2 M306\\Fyt\\5_Applicativo\\vendor\\laravel\\framework\\src\\Illuminate\\View\\View.php(192): Illuminate\\View\\View->getContents()
#9 D:\\Scuola\\TERZA\\M306\\Progetto 2 M306\\Fyt\\5_Applicativo\\vendor\\laravel\\framework\\src\\Illuminate\\View\\View.php(161): Illuminate\\View\\View->renderContents()
#10 D:\\Scuola\\TERZA\\M306\\Progetto 2 M306\\Fyt\\5_Applicativo\\vendor\\laravel\\framework\\src\\Illuminate\\Http\\Response.php(79): Illuminate\\View\\View->render()
#11 D:\\Scuola\\TERZA\\M306\\Progetto 2 M306\\Fyt\\5_Applicativo\\vendor\\laravel\\framework\\src\\Illuminate\\Http\\Response.php(35): Illuminate\\Http\\Response->setContent(Object(Illuminate\\View\\View))
#12 D:\\Scuola\\TERZA\\M306\\Progetto 2 M306\\Fyt\\5_Applicativo\\vendor\\laravel\\framework\\src\\Illuminate\\Routing\\Router.php(920): Illuminate\\Http\\Response->__construct(Object(Illuminate\\View\\View), 200, Array)
#13 D:\\Scuola\\TERZA\\M306\\Progetto 2 M306\\Fyt\\5_Applicativo\\vendor\\laravel\\framework\\src\\Illuminate\\Routing\\Router.php(887): Illuminate\\Routing\\Router::toResponse(Object(Illuminate\\Http\\Request), Object(Illuminate\\View\\View))
#14 D:\\Scuola\\TERZA\\M306\\Progetto 2 M306\\Fyt\\5_Applicativo\\vendor\\laravel\\framework\\src\\Illuminate\\Routing\\Router.php(807): Illuminate\\Routing\\Router->prepareResponse(Object(Illuminate\\Http\\Request), Object(Illuminate\\View\\View))
#15 D:\\Scuola\\TERZA\\M306\\Progetto 2 M306\\Fyt\\5_Applicativo\\vendor\\laravel\\framework\\src\\Illuminate\\Pipeline\\Pipeline.php(170): Illuminate\\Routing\\Router->Illuminate\\Routing\\{closure}(Object(Illuminate\\Http\\Request))
#16 D:\\Scuola\\TERZA\\M306\\Progetto 2 M306\\Fyt\\5_Applicativo\\vendor\\laravel\\framework\\src\\Illuminate\\Routing\\Middleware\\SubstituteBindings.php(51): Illuminate\\Pipeline\\Pipeline->Illuminate\\Pipeline\\{closure}(Object(Illuminate\\Http\\Request))
#17 D:\\Scuola\\TERZA\\M306\\Progetto 2 M306\\Fyt\\5_Applicativo\\vendor\\laravel\\framework\\src\\Illuminate\\Pipeline\\Pipeline.php(209): Illuminate\\Routing\\Middleware\\SubstituteBindings->handle(Object(Illuminate\\Http\\Request), Object(Closure))
#18 D:\\Scuola\\TERZA\\M306\\Progetto 2 M306\\Fyt\\5_Applicativo\\vendor\\laravel\\framework\\src\\Illuminate\\Foundation\\Http\\Middleware\\VerifyCsrfToken.php(88): Illuminate\\Pipeline\\Pipeline->Illuminate\\Pipeline\\{closure}(Object(Illuminate\\Http\\Request))
#19 D:\\Scuola\\TERZA\\M306\\Progetto 2 M306\\Fyt\\5_Applicativo\\vendor\\laravel\\framework\\src\\Illuminate\\Pipeline\\Pipeline.php(209): Illuminate\\Foundation\\Http\\Middleware\\VerifyCsrfToken->handle(Object(Illuminate\\Http\\Request), Object(Closure))
#20 D:\\Scuola\\TERZA\\M306\\Progetto 2 M306\\Fyt\\5_Applicativo\\vendor\\laravel\\framework\\src\\Illuminate\\View\\Middleware\\ShareErrorsFromSession.php(49): Illuminate\\Pipeline\\Pipeline->Illuminate\\Pipeline\\{closure}(Object(Illuminate\\Http\\Request))
#21 D:\\Scuola\\TERZA\\M306\\Progetto 2 M306\\Fyt\\5_Applicativo\\vendor\\laravel\\framework\\src\\Illuminate\\Pipeline\\Pipeline.php(209): Illuminate\\View\\Middleware\\ShareErrorsFromSession->handle(Object(Illuminate\\Http\\Request), Object(Closure))
#22 D:\\Scuola\\TERZA\\M306\\Progetto 2 M306\\Fyt\\5_Applicativo\\vendor\\laravel\\framework\\src\\Illuminate\\Session\\Middleware\\StartSession.php(121): Illuminate\\Pipeline\\Pipeline->Illuminate\\Pipeline\\{closure}(Object(Illuminate\\Http\\Request))
#23 D:\\Scuola\\TERZA\\M306\\Progetto 2 M306\\Fyt\\5_Applicativo\\vendor\\laravel\\framework\\src\\Illuminate\\Session\\Middleware\\StartSession.php(64): Illuminate\\Session\\Middleware\\StartSession->handleStatefulRequest(Object(Illuminate\\Http\\Request), Object(Illuminate\\Session\\Store), Object(Closure))
#24 D:\\Scuola\\TERZA\\M306\\Progetto 2 M306\\Fyt\\5_Applicativo\\vendor\\laravel\\framework\\src\\Illuminate\\Pipeline\\Pipeline.php(209): Illuminate\\Session\\Middleware\\StartSession->handle(Object(Illuminate\\Http\\Request), Object(Closure))
#25 D:\\Scuola\\TERZA\\M306\\Progetto 2 M306\\Fyt\\5_Applicativo\\vendor\\laravel\\framework\\src\\Illuminate\\Cookie\\Middleware\\AddQueuedCookiesToResponse.php(37): Illuminate\\Pipeline\\Pipeline->Illuminate\\Pipeline\\{closure}(Object(Illuminate\\Http\\Request))
#26 D:\\Scuola\\TERZA\\M306\\Progetto 2 M306\\Fyt\\5_Applicativo\\vendor\\laravel\\framework\\src\\Illuminate\\Pipeline\\Pipeline.php(209): Illuminate\\Cookie\\Middleware\\AddQueuedCookiesToResponse->handle(Object(Illuminate\\Http\\Request), Object(Closure))
#27 D:\\Scuola\\TERZA\\M306\\Progetto 2 M306\\Fyt\\5_Applicativo\\vendor\\laravel\\framework\\src\\Illuminate\\Cookie\\Middleware\\EncryptCookies.php(75): Illuminate\\Pipeline\\Pipeline->Illuminate\\Pipeline\\{closure}(Object(Illuminate\\Http\\Request))
#28 D:\\Scuola\\TERZA\\M306\\Progetto 2 M306\\Fyt\\5_Applicativo\\vendor\\laravel\\framework\\src\\Illuminate\\Pipeline\\Pipeline.php(209): Illuminate\\Cookie\\Middleware\\EncryptCookies->handle(Object(Illuminate\\Http\\Request), Object(Closure))
#29 D:\\Scuola\\TERZA\\M306\\Progetto 2 M306\\Fyt\\5_Applicativo\\vendor\\laravel\\framework\\src\\Illuminate\\Pipeline\\Pipeline.php(127): Illuminate\\Pipeline\\Pipeline->Illuminate\\Pipeline\\{closure}(Object(Illuminate\\Http\\Request))
#30 D:\\Scuola\\TERZA\\M306\\Progetto 2 M306\\Fyt\\5_Applicativo\\vendor\\laravel\\framework\\src\\Illuminate\\Routing\\Router.php(807): Illuminate\\Pipeline\\Pipeline->then(Object(Closure))
#31 D:\\Scuola\\TERZA\\M306\\Progetto 2 M306\\Fyt\\5_Applicativo\\vendor\\laravel\\framework\\src\\Illuminate\\Routing\\Router.php(786): Illuminate\\Routing\\Router->runRouteWithinStack(Object(Illuminate\\Routing\\Route), Object(Illuminate\\Http\\Request))
#32 D:\\Scuola\\TERZA\\M306\\Progetto 2 M306\\Fyt\\5_Applicativo\\vendor\\laravel\\framework\\src\\Illuminate\\Routing\\Router.php(750): Illuminate\\Routing\\Router->runRoute(Object(Illuminate\\Http\\Request), Object(Illuminate\\Routing\\Route))
#33 D:\\Scuola\\TERZA\\M306\\Progetto 2 M306\\Fyt\\5_Applicativo\\vendor\\laravel\\framework\\src\\Illuminate\\Routing\\Router.php(739): Illuminate\\Routing\\Router->dispatchToRoute(Object(Illuminate\\Http\\Request))
#34 D:\\Scuola\\TERZA\\M306\\Progetto 2 M306\\Fyt\\5_Applicativo\\vendor\\laravel\\framework\\src\\Illuminate\\Foundation\\Http\\Kernel.php(201): Illuminate\\Routing\\Router->dispatch(Object(Illuminate\\Http\\Request))
#35 D:\\Scuola\\TERZA\\M306\\Progetto 2 M306\\Fyt\\5_Applicativo\\vendor\\laravel\\framework\\src\\Illuminate\\Pipeline\\Pipeline.php(170): Illuminate\\Foundation\\Http\\Kernel->Illuminate\\Foundation\\Http\\{closure}(Object(Illuminate\\Http\\Request))
#36 D:\\Scuola\\TERZA\\M306\\Progetto 2 M306\\Fyt\\5_Applicativo\\vendor\\laravel\\framework\\src\\Illuminate\\Foundation\\Http\\Middleware\\TransformsRequest.php(21): Illuminate\\Pipeline\\Pipeline->Illuminate\\Pipeline\\{closure}(Object(Illuminate\\Http\\Request))
#37 D:\\Scuola\\TERZA\\M306\\Progetto 2 M306\\Fyt\\5_Applicativo\\vendor\\laravel\\framework\\src\\Illuminate\\Foundation\\Http\\Middleware\\ConvertEmptyStringsToNull.php(31): Illuminate\\Foundation\\Http\\Middleware\\TransformsRequest->handle(Object(Illuminate\\Http\\Request), Object(Closure))
#38 D:\\Scuola\\TERZA\\M306\\Progetto 2 M306\\Fyt\\5_Applicativo\\vendor\\laravel\\framework\\src\\Illuminate\\Pipeline\\Pipeline.php(209): Illuminate\\Foundation\\Http\\Middleware\\ConvertEmptyStringsToNull->handle(Object(Illuminate\\Http\\Request), Object(Closure))
#39 D:\\Scuola\\TERZA\\M306\\Progetto 2 M306\\Fyt\\5_Applicativo\\vendor\\laravel\\framework\\src\\Illuminate\\Foundation\\Http\\Middleware\\TransformsRequest.php(21): Illuminate\\Pipeline\\Pipeline->Illuminate\\Pipeline\\{closure}(Object(Illuminate\\Http\\Request))
#40 D:\\Scuola\\TERZA\\M306\\Progetto 2 M306\\Fyt\\5_Applicativo\\vendor\\laravel\\framework\\src\\Illuminate\\Foundation\\Http\\Middleware\\TrimStrings.php(51): Illuminate\\Foundation\\Http\\Middleware\\TransformsRequest->handle(Object(Illuminate\\Http\\Request), Object(Closure))
#41 D:\\Scuola\\TERZA\\M306\\Progetto 2 M306\\Fyt\\5_Applicativo\\vendor\\laravel\\framework\\src\\Illuminate\\Pipeline\\Pipeline.php(209): Illuminate\\Foundation\\Http\\Middleware\\TrimStrings->handle(Object(Illuminate\\Http\\Request), Object(Closure))
#42 D:\\Scuola\\TERZA\\M306\\Progetto 2 M306\\Fyt\\5_Applicativo\\vendor\\laravel\\framework\\src\\Illuminate\\Http\\Middleware\\ValidatePostSize.php(27): Illuminate\\Pipeline\\Pipeline->Illuminate\\Pipeline\\{closure}(Object(Illuminate\\Http\\Request))
#43 D:\\Scuola\\TERZA\\M306\\Progetto 2 M306\\Fyt\\5_Applicativo\\vendor\\laravel\\framework\\src\\Illuminate\\Pipeline\\Pipeline.php(209): Illuminate\\Http\\Middleware\\ValidatePostSize->handle(Object(Illuminate\\Http\\Request), Object(Closure))
#44 D:\\Scuola\\TERZA\\M306\\Progetto 2 M306\\Fyt\\5_Applicativo\\vendor\\laravel\\framework\\src\\Illuminate\\Foundation\\Http\\Middleware\\PreventRequestsDuringMaintenance.php(110): Illuminate\\Pipeline\\Pipeline->Illuminate\\Pipeline\\{closure}(Object(Illuminate\\Http\\Request))
#45 D:\\Scuola\\TERZA\\M306\\Progetto 2 M306\\Fyt\\5_Applicativo\\vendor\\laravel\\framework\\src\\Illuminate\\Pipeline\\Pipeline.php(209): Illuminate\\Foundation\\Http\\Middleware\\PreventRequestsDuringMaintenance->handle(Object(Illuminate\\Http\\Request), Object(Closure))
#46 D:\\Scuola\\TERZA\\M306\\Progetto 2 M306\\Fyt\\5_Applicativo\\vendor\\laravel\\framework\\src\\Illuminate\\Http\\Middleware\\HandleCors.php(49): Illuminate\\Pipeline\\Pipeline->Illuminate\\Pipeline\\{closure}(Object(Illuminate\\Http\\Request))
#47 D:\\Scuola\\TERZA\\M306\\Progetto 2 M306\\Fyt\\5_Applicativo\\vendor\\laravel\\framework\\src\\Illuminate\\Pipeline\\Pipeline.php(209): Illuminate\\Http\\Middleware\\HandleCors->handle(Object(Illuminate\\Http\\Request), Object(Closure))
#48 D:\\Scuola\\TERZA\\M306\\Progetto 2 M306\\Fyt\\5_Applicativo\\vendor\\laravel\\framework\\src\\Illuminate\\Http\\Middleware\\TrustProxies.php(58): Illuminate\\Pipeline\\Pipeline->Illuminate\\Pipeline\\{closure}(Object(Illuminate\\Http\\Request))
#49 D:\\Scuola\\TERZA\\M306\\Progetto 2 M306\\Fyt\\5_Applicativo\\vendor\\laravel\\framework\\src\\Illuminate\\Pipeline\\Pipeline.php(209): Illuminate\\Http\\Middleware\\TrustProxies->handle(Object(Illuminate\\Http\\Request), Object(Closure))
#50 D:\\Scuola\\TERZA\\M306\\Progetto 2 M306\\Fyt\\5_Applicativo\\vendor\\laravel\\framework\\src\\Illuminate\\Foundation\\Http\\Middleware\\InvokeDeferredCallbacks.php(22): Illuminate\\Pipeline\\Pipeline->Illuminate\\Pipeline\\{closure}(Object(Illuminate\\Http\\Request))
#51 D:\\Scuola\\TERZA\\M306\\Progetto 2 M306\\Fyt\\5_Applicativo\\vendor\\laravel\\framework\\src\\Illuminate\\Pipeline\\Pipeline.php(209): Illuminate\\Foundation\\Http\\Middleware\\InvokeDeferredCallbacks->handle(Object(Illuminate\\Http\\Request), Object(Closure))
#52 D:\\Scuola\\TERZA\\M306\\Progetto 2 M306\\Fyt\\5_Applicativo\\vendor\\laravel\\framework\\src\\Illuminate\\Pipeline\\Pipeline.php(127): Illuminate\\Pipeline\\Pipeline->Illuminate\\Pipeline\\{closure}(Object(Illuminate\\Http\\Request))
#53 D:\\Scuola\\TERZA\\M306\\Progetto 2 M306\\Fyt\\5_Applicativo\\vendor\\laravel\\framework\\src\\Illuminate\\Foundation\\Http\\Kernel.php(176): Illuminate\\Pipeline\\Pipeline->then(Object(Closure))
#54 D:\\Scuola\\TERZA\\M306\\Progetto 2 M306\\Fyt\\5_Applicativo\\vendor\\laravel\\framework\\src\\Illuminate\\Foundation\\Http\\Kernel.php(145): Illuminate\\Foundation\\Http\\Kernel->sendRequestThroughRouter(Object(Illuminate\\Http\\Request))
#55 D:\\Scuola\\TERZA\\M306\\Progetto 2 M306\\Fyt\\5_Applicativo\\vendor\\laravel\\framework\\src\\Illuminate\\Foundation\\Application.php(1220): Illuminate\\Foundation\\Http\\Kernel->handle(Object(Illuminate\\Http\\Request))
#56 D:\\Scuola\\TERZA\\M306\\Progetto 2 M306\\Fyt\\5_Applicativo\\public\\index.php(17): Illuminate\\Foundation\\Application->handleRequest(Object(Illuminate\\Http\\Request))
#57 D:\\Scuola\\TERZA\\M306\\Progetto 2 M306\\Fyt\\5_Applicativo\\vendor\\laravel\\framework\\src\\Illuminate\\Foundation\\resources\\server.php(23): require_once('D:\\\\Scuola\\\\TERZA...')
#58 {main}
"} 
[2025-02-26 14:58:57] local.ERROR: View [template.header] not found. (View: D:\Scuola\TERZA\M306\Progetto 2 M306\Fyt\5_Applicativo\resources\views\catalog.blade.php) {"exception":"[object] (Illuminate\\View\\ViewException(code: 0): View [template.header] not found. (View: D:\\Scuola\\TERZA\\M306\\Progetto 2 M306\\Fyt\\5_Applicativo\\resources\\views\\catalog.blade.php) at D:\\Scuola\\TERZA\\M306\\Progetto 2 M306\\Fyt\\5_Applicativo\\vendor\\laravel\\framework\\src\\Illuminate\\View\\FileViewFinder.php:139)
[stacktrace]
#0 D:\\Scuola\\TERZA\\M306\\Progetto 2 M306\\Fyt\\5_Applicativo\\vendor\\laravel\\framework\\src\\Illuminate\\View\\Engines\\PhpEngine.php(60): Illuminate\\View\\Engines\\CompilerEngine->handleViewException(Object(InvalidArgumentException), 1)
#1 D:\\Scuola\\TERZA\\M306\\Progetto 2 M306\\Fyt\\5_Applicativo\\vendor\\laravel\\framework\\src\\Illuminate\\View\\Engines\\CompilerEngine.php(75): Illuminate\\View\\Engines\\PhpEngine->evaluatePath('D:\\\\Scuola\\\\TERZA...', Array)
#2 D:\\Scuola\\TERZA\\M306\\Progetto 2 M306\\Fyt\\5_Applicativo\\vendor\\laravel\\framework\\src\\Illuminate\\View\\View.php(209): Illuminate\\View\\Engines\\CompilerEngine->get('D:\\\\Scuola\\\\TERZA...', Array)
#3 D:\\Scuola\\TERZA\\M306\\Progetto 2 M306\\Fyt\\5_Applicativo\\vendor\\laravel\\framework\\src\\Illuminate\\View\\View.php(192): Illuminate\\View\\View->getContents()
#4 D:\\Scuola\\TERZA\\M306\\Progetto 2 M306\\Fyt\\5_Applicativo\\vendor\\laravel\\framework\\src\\Illuminate\\View\\View.php(161): Illuminate\\View\\View->renderContents()
#5 D:\\Scuola\\TERZA\\M306\\Progetto 2 M306\\Fyt\\5_Applicativo\\vendor\\laravel\\framework\\src\\Illuminate\\Http\\Response.php(79): Illuminate\\View\\View->render()
#6 D:\\Scuola\\TERZA\\M306\\Progetto 2 M306\\Fyt\\5_Applicativo\\vendor\\laravel\\framework\\src\\Illuminate\\Http\\Response.php(35): Illuminate\\Http\\Response->setContent(Object(Illuminate\\View\\View))
#7 D:\\Scuola\\TERZA\\M306\\Progetto 2 M306\\Fyt\\5_Applicativo\\vendor\\laravel\\framework\\src\\Illuminate\\Routing\\Router.php(920): Illuminate\\Http\\Response->__construct(Object(Illuminate\\View\\View), 200, Array)
#8 D:\\Scuola\\TERZA\\M306\\Progetto 2 M306\\Fyt\\5_Applicativo\\vendor\\laravel\\framework\\src\\Illuminate\\Routing\\Router.php(887): Illuminate\\Routing\\Router::toResponse(Object(Illuminate\\Http\\Request), Object(Illuminate\\View\\View))
#9 D:\\Scuola\\TERZA\\M306\\Progetto 2 M306\\Fyt\\5_Applicativo\\vendor\\laravel\\framework\\src\\Illuminate\\Routing\\Router.php(807): Illuminate\\Routing\\Router->prepareResponse(Object(Illuminate\\Http\\Request), Object(Illuminate\\View\\View))
#10 D:\\Scuola\\TERZA\\M306\\Progetto 2 M306\\Fyt\\5_Applicativo\\vendor\\laravel\\framework\\src\\Illuminate\\Pipeline\\Pipeline.php(170): Illuminate\\Routing\\Router->Illuminate\\Routing\\{closure}(Object(Illuminate\\Http\\Request))
#11 D:\\Scuola\\TERZA\\M306\\Progetto 2 M306\\Fyt\\5_Applicativo\\vendor\\laravel\\framework\\src\\Illuminate\\Routing\\Middleware\\SubstituteBindings.php(51): Illuminate\\Pipeline\\Pipeline->Illuminate\\Pipeline\\{closure}(Object(Illuminate\\Http\\Request))
#12 D:\\Scuola\\TERZA\\M306\\Progetto 2 M306\\Fyt\\5_Applicativo\\vendor\\laravel\\framework\\src\\Illuminate\\Pipeline\\Pipeline.php(209): Illuminate\\Routing\\Middleware\\SubstituteBindings->handle(Object(Illuminate\\Http\\Request), Object(Closure))
#13 D:\\Scuola\\TERZA\\M306\\Progetto 2 M306\\Fyt\\5_Applicativo\\vendor\\laravel\\framework\\src\\Illuminate\\Foundation\\Http\\Middleware\\VerifyCsrfToken.php(88): Illuminate\\Pipeline\\Pipeline->Illuminate\\Pipeline\\{closure}(Object(Illuminate\\Http\\Request))
#14 D:\\Scuola\\TERZA\\M306\\Progetto 2 M306\\Fyt\\5_Applicativo\\vendor\\laravel\\framework\\src\\Illuminate\\Pipeline\\Pipeline.php(209): Illuminate\\Foundation\\Http\\Middleware\\VerifyCsrfToken->handle(Object(Illuminate\\Http\\Request), Object(Closure))
#15 D:\\Scuola\\TERZA\\M306\\Progetto 2 M306\\Fyt\\5_Applicativo\\vendor\\laravel\\framework\\src\\Illuminate\\View\\Middleware\\ShareErrorsFromSession.php(49): Illuminate\\Pipeline\\Pipeline->Illuminate\\Pipeline\\{closure}(Object(Illuminate\\Http\\Request))
#16 D:\\Scuola\\TERZA\\M306\\Progetto 2 M306\\Fyt\\5_Applicativo\\vendor\\laravel\\framework\\src\\Illuminate\\Pipeline\\Pipeline.php(209): Illuminate\\View\\Middleware\\ShareErrorsFromSession->handle(Object(Illuminate\\Http\\Request), Object(Closure))
#17 D:\\Scuola\\TERZA\\M306\\Progetto 2 M306\\Fyt\\5_Applicativo\\vendor\\laravel\\framework\\src\\Illuminate\\Session\\Middleware\\StartSession.php(121): Illuminate\\Pipeline\\Pipeline->Illuminate\\Pipeline\\{closure}(Object(Illuminate\\Http\\Request))
#18 D:\\Scuola\\TERZA\\M306\\Progetto 2 M306\\Fyt\\5_Applicativo\\vendor\\laravel\\framework\\src\\Illuminate\\Session\\Middleware\\StartSession.php(64): Illuminate\\Session\\Middleware\\StartSession->handleStatefulRequest(Object(Illuminate\\Http\\Request), Object(Illuminate\\Session\\Store), Object(Closure))
#19 D:\\Scuola\\TERZA\\M306\\Progetto 2 M306\\Fyt\\5_Applicativo\\vendor\\laravel\\framework\\src\\Illuminate\\Pipeline\\Pipeline.php(209): Illuminate\\Session\\Middleware\\StartSession->handle(Object(Illuminate\\Http\\Request), Object(Closure))
#20 D:\\Scuola\\TERZA\\M306\\Progetto 2 M306\\Fyt\\5_Applicativo\\vendor\\laravel\\framework\\src\\Illuminate\\Cookie\\Middleware\\AddQueuedCookiesToResponse.php(37): Illuminate\\Pipeline\\Pipeline->Illuminate\\Pipeline\\{closure}(Object(Illuminate\\Http\\Request))
#21 D:\\Scuola\\TERZA\\M306\\Progetto 2 M306\\Fyt\\5_Applicativo\\vendor\\laravel\\framework\\src\\Illuminate\\Pipeline\\Pipeline.php(209): Illuminate\\Cookie\\Middleware\\AddQueuedCookiesToResponse->handle(Object(Illuminate\\Http\\Request), Object(Closure))
#22 D:\\Scuola\\TERZA\\M306\\Progetto 2 M306\\Fyt\\5_Applicativo\\vendor\\laravel\\framework\\src\\Illuminate\\Cookie\\Middleware\\EncryptCookies.php(75): Illuminate\\Pipeline\\Pipeline->Illuminate\\Pipeline\\{closure}(Object(Illuminate\\Http\\Request))
#23 D:\\Scuola\\TERZA\\M306\\Progetto 2 M306\\Fyt\\5_Applicativo\\vendor\\laravel\\framework\\src\\Illuminate\\Pipeline\\Pipeline.php(209): Illuminate\\Cookie\\Middleware\\EncryptCookies->handle(Object(Illuminate\\Http\\Request), Object(Closure))
#24 D:\\Scuola\\TERZA\\M306\\Progetto 2 M306\\Fyt\\5_Applicativo\\vendor\\laravel\\framework\\src\\Illuminate\\Pipeline\\Pipeline.php(127): Illuminate\\Pipeline\\Pipeline->Illuminate\\Pipeline\\{closure}(Object(Illuminate\\Http\\Request))
#25 D:\\Scuola\\TERZA\\M306\\Progetto 2 M306\\Fyt\\5_Applicativo\\vendor\\laravel\\framework\\src\\Illuminate\\Routing\\Router.php(807): Illuminate\\Pipeline\\Pipeline->then(Object(Closure))
#26 D:\\Scuola\\TERZA\\M306\\Progetto 2 M306\\Fyt\\5_Applicativo\\vendor\\laravel\\framework\\src\\Illuminate\\Routing\\Router.php(786): Illuminate\\Routing\\Router->runRouteWithinStack(Object(Illuminate\\Routing\\Route), Object(Illuminate\\Http\\Request))
#27 D:\\Scuola\\TERZA\\M306\\Progetto 2 M306\\Fyt\\5_Applicativo\\vendor\\laravel\\framework\\src\\Illuminate\\Routing\\Router.php(750): Illuminate\\Routing\\Router->runRoute(Object(Illuminate\\Http\\Request), Object(Illuminate\\Routing\\Route))
#28 D:\\Scuola\\TERZA\\M306\\Progetto 2 M306\\Fyt\\5_Applicativo\\vendor\\laravel\\framework\\src\\Illuminate\\Routing\\Router.php(739): Illuminate\\Routing\\Router->dispatchToRoute(Object(Illuminate\\Http\\Request))
#29 D:\\Scuola\\TERZA\\M306\\Progetto 2 M306\\Fyt\\5_Applicativo\\vendor\\laravel\\framework\\src\\Illuminate\\Foundation\\Http\\Kernel.php(201): Illuminate\\Routing\\Router->dispatch(Object(Illuminate\\Http\\Request))
#30 D:\\Scuola\\TERZA\\M306\\Progetto 2 M306\\Fyt\\5_Applicativo\\vendor\\laravel\\framework\\src\\Illuminate\\Pipeline\\Pipeline.php(170): Illuminate\\Foundation\\Http\\Kernel->Illuminate\\Foundation\\Http\\{closure}(Object(Illuminate\\Http\\Request))
#31 D:\\Scuola\\TERZA\\M306\\Progetto 2 M306\\Fyt\\5_Applicativo\\vendor\\laravel\\framework\\src\\Illuminate\\Foundation\\Http\\Middleware\\TransformsRequest.php(21): Illuminate\\Pipeline\\Pipeline->Illuminate\\Pipeline\\{closure}(Object(Illuminate\\Http\\Request))
#32 D:\\Scuola\\TERZA\\M306\\Progetto 2 M306\\Fyt\\5_Applicativo\\vendor\\laravel\\framework\\src\\Illuminate\\Foundation\\Http\\Middleware\\ConvertEmptyStringsToNull.php(31): Illuminate\\Foundation\\Http\\Middleware\\TransformsRequest->handle(Object(Illuminate\\Http\\Request), Object(Closure))
#33 D:\\Scuola\\TERZA\\M306\\Progetto 2 M306\\Fyt\\5_Applicativo\\vendor\\laravel\\framework\\src\\Illuminate\\Pipeline\\Pipeline.php(209): Illuminate\\Foundation\\Http\\Middleware\\ConvertEmptyStringsToNull->handle(Object(Illuminate\\Http\\Request), Object(Closure))
#34 D:\\Scuola\\TERZA\\M306\\Progetto 2 M306\\Fyt\\5_Applicativo\\vendor\\laravel\\framework\\src\\Illuminate\\Foundation\\Http\\Middleware\\TransformsRequest.php(21): Illuminate\\Pipeline\\Pipeline->Illuminate\\Pipeline\\{closure}(Object(Illuminate\\Http\\Request))
#35 D:\\Scuola\\TERZA\\M306\\Progetto 2 M306\\Fyt\\5_Applicativo\\vendor\\laravel\\framework\\src\\Illuminate\\Foundation\\Http\\Middleware\\TrimStrings.php(51): Illuminate\\Foundation\\Http\\Middleware\\TransformsRequest->handle(Object(Illuminate\\Http\\Request), Object(Closure))
#36 D:\\Scuola\\TERZA\\M306\\Progetto 2 M306\\Fyt\\5_Applicativo\\vendor\\laravel\\framework\\src\\Illuminate\\Pipeline\\Pipeline.php(209): Illuminate\\Foundation\\Http\\Middleware\\TrimStrings->handle(Object(Illuminate\\Http\\Request), Object(Closure))
#37 D:\\Scuola\\TERZA\\M306\\Progetto 2 M306\\Fyt\\5_Applicativo\\vendor\\laravel\\framework\\src\\Illuminate\\Http\\Middleware\\ValidatePostSize.php(27): Illuminate\\Pipeline\\Pipeline->Illuminate\\Pipeline\\{closure}(Object(Illuminate\\Http\\Request))
#38 D:\\Scuola\\TERZA\\M306\\Progetto 2 M306\\Fyt\\5_Applicativo\\vendor\\laravel\\framework\\src\\Illuminate\\Pipeline\\Pipeline.php(209): Illuminate\\Http\\Middleware\\ValidatePostSize->handle(Object(Illuminate\\Http\\Request), Object(Closure))
#39 D:\\Scuola\\TERZA\\M306\\Progetto 2 M306\\Fyt\\5_Applicativo\\vendor\\laravel\\framework\\src\\Illuminate\\Foundation\\Http\\Middleware\\PreventRequestsDuringMaintenance.php(110): Illuminate\\Pipeline\\Pipeline->Illuminate\\Pipeline\\{closure}(Object(Illuminate\\Http\\Request))
#40 D:\\Scuola\\TERZA\\M306\\Progetto 2 M306\\Fyt\\5_Applicativo\\vendor\\laravel\\framework\\src\\Illuminate\\Pipeline\\Pipeline.php(209): Illuminate\\Foundation\\Http\\Middleware\\PreventRequestsDuringMaintenance->handle(Object(Illuminate\\Http\\Request), Object(Closure))
#41 D:\\Scuola\\TERZA\\M306\\Progetto 2 M306\\Fyt\\5_Applicativo\\vendor\\laravel\\framework\\src\\Illuminate\\Http\\Middleware\\HandleCors.php(49): Illuminate\\Pipeline\\Pipeline->Illuminate\\Pipeline\\{closure}(Object(Illuminate\\Http\\Request))
#42 D:\\Scuola\\TERZA\\M306\\Progetto 2 M306\\Fyt\\5_Applicativo\\vendor\\laravel\\framework\\src\\Illuminate\\Pipeline\\Pipeline.php(209): Illuminate\\Http\\Middleware\\HandleCors->handle(Object(Illuminate\\Http\\Request), Object(Closure))
#43 D:\\Scuola\\TERZA\\M306\\Progetto 2 M306\\Fyt\\5_Applicativo\\vendor\\laravel\\framework\\src\\Illuminate\\Http\\Middleware\\TrustProxies.php(58): Illuminate\\Pipeline\\Pipeline->Illuminate\\Pipeline\\{closure}(Object(Illuminate\\Http\\Request))
#44 D:\\Scuola\\TERZA\\M306\\Progetto 2 M306\\Fyt\\5_Applicativo\\vendor\\laravel\\framework\\src\\Illuminate\\Pipeline\\Pipeline.php(209): Illuminate\\Http\\Middleware\\TrustProxies->handle(Object(Illuminate\\Http\\Request), Object(Closure))
#45 D:\\Scuola\\TERZA\\M306\\Progetto 2 M306\\Fyt\\5_Applicativo\\vendor\\laravel\\framework\\src\\Illuminate\\Foundation\\Http\\Middleware\\InvokeDeferredCallbacks.php(22): Illuminate\\Pipeline\\Pipeline->Illuminate\\Pipeline\\{closure}(Object(Illuminate\\Http\\Request))
#46 D:\\Scuola\\TERZA\\M306\\Progetto 2 M306\\Fyt\\5_Applicativo\\vendor\\laravel\\framework\\src\\Illuminate\\Pipeline\\Pipeline.php(209): Illuminate\\Foundation\\Http\\Middleware\\InvokeDeferredCallbacks->handle(Object(Illuminate\\Http\\Request), Object(Closure))
#47 D:\\Scuola\\TERZA\\M306\\Progetto 2 M306\\Fyt\\5_Applicativo\\vendor\\laravel\\framework\\src\\Illuminate\\Pipeline\\Pipeline.php(127): Illuminate\\Pipeline\\Pipeline->Illuminate\\Pipeline\\{closure}(Object(Illuminate\\Http\\Request))
#48 D:\\Scuola\\TERZA\\M306\\Progetto 2 M306\\Fyt\\5_Applicativo\\vendor\\laravel\\framework\\src\\Illuminate\\Foundation\\Http\\Kernel.php(176): Illuminate\\Pipeline\\Pipeline->then(Object(Closure))
#49 D:\\Scuola\\TERZA\\M306\\Progetto 2 M306\\Fyt\\5_Applicativo\\vendor\\laravel\\framework\\src\\Illuminate\\Foundation\\Http\\Kernel.php(145): Illuminate\\Foundation\\Http\\Kernel->sendRequestThroughRouter(Object(Illuminate\\Http\\Request))
#50 D:\\Scuola\\TERZA\\M306\\Progetto 2 M306\\Fyt\\5_Applicativo\\vendor\\laravel\\framework\\src\\Illuminate\\Foundation\\Application.php(1220): Illuminate\\Foundation\\Http\\Kernel->handle(Object(Illuminate\\Http\\Request))
#51 D:\\Scuola\\TERZA\\M306\\Progetto 2 M306\\Fyt\\5_Applicativo\\public\\index.php(17): Illuminate\\Foundation\\Application->handleRequest(Object(Illuminate\\Http\\Request))
#52 D:\\Scuola\\TERZA\\M306\\Progetto 2 M306\\Fyt\\5_Applicativo\\vendor\\laravel\\framework\\src\\Illuminate\\Foundation\\resources\\server.php(23): require_once('D:\\\\Scuola\\\\TERZA...')
#53 {main}

[previous exception] [object] (InvalidArgumentException(code: 0): View [template.header] not found. at D:\\Scuola\\TERZA\\M306\\Progetto 2 M306\\Fyt\\5_Applicativo\\vendor\\laravel\\framework\\src\\Illuminate\\View\\FileViewFinder.php:139)
[stacktrace]
#0 D:\\Scuola\\TERZA\\M306\\Progetto 2 M306\\Fyt\\5_Applicativo\\vendor\\laravel\\framework\\src\\Illuminate\\View\\FileViewFinder.php(79): Illuminate\\View\\FileViewFinder->findInPaths('template.header', Array)
#1 D:\\Scuola\\TERZA\\M306\\Progetto 2 M306\\Fyt\\5_Applicativo\\vendor\\laravel\\framework\\src\\Illuminate\\View\\Factory.php(151): Illuminate\\View\\FileViewFinder->find('template.header')
#2 D:\\Scuola\\TERZA\\M306\\Progetto 2 M306\\Fyt\\5_Applicativo\\storage\\framework\\views\\a492e8e4f50a8130b3161642e373530f.php(2): Illuminate\\View\\Factory->make('template.header', Array)
#3 D:\\Scuola\\TERZA\\M306\\Progetto 2 M306\\Fyt\\5_Applicativo\\vendor\\laravel\\framework\\src\\Illuminate\\Filesystem\\Filesystem.php(123): require('D:\\\\Scuola\\\\TERZA...')
#4 D:\\Scuola\\TERZA\\M306\\Progetto 2 M306\\Fyt\\5_Applicativo\\vendor\\laravel\\framework\\src\\Illuminate\\Filesystem\\Filesystem.php(124): Illuminate\\Filesystem\\Filesystem::Illuminate\\Filesystem\\{closure}()
#5 D:\\Scuola\\TERZA\\M306\\Progetto 2 M306\\Fyt\\5_Applicativo\\vendor\\laravel\\framework\\src\\Illuminate\\View\\Engines\\PhpEngine.php(58): Illuminate\\Filesystem\\Filesystem->getRequire('D:\\\\Scuola\\\\TERZA...', Array)
#6 D:\\Scuola\\TERZA\\M306\\Progetto 2 M306\\Fyt\\5_Applicativo\\vendor\\laravel\\framework\\src\\Illuminate\\View\\Engines\\CompilerEngine.php(75): Illuminate\\View\\Engines\\PhpEngine->evaluatePath('D:\\\\Scuola\\\\TERZA...', Array)
#7 D:\\Scuola\\TERZA\\M306\\Progetto 2 M306\\Fyt\\5_Applicativo\\vendor\\laravel\\framework\\src\\Illuminate\\View\\View.php(209): Illuminate\\View\\Engines\\CompilerEngine->get('D:\\\\Scuola\\\\TERZA...', Array)
#8 D:\\Scuola\\TERZA\\M306\\Progetto 2 M306\\Fyt\\5_Applicativo\\vendor\\laravel\\framework\\src\\Illuminate\\View\\View.php(192): Illuminate\\View\\View->getContents()
#9 D:\\Scuola\\TERZA\\M306\\Progetto 2 M306\\Fyt\\5_Applicativo\\vendor\\laravel\\framework\\src\\Illuminate\\View\\View.php(161): Illuminate\\View\\View->renderContents()
#10 D:\\Scuola\\TERZA\\M306\\Progetto 2 M306\\Fyt\\5_Applicativo\\vendor\\laravel\\framework\\src\\Illuminate\\Http\\Response.php(79): Illuminate\\View\\View->render()
#11 D:\\Scuola\\TERZA\\M306\\Progetto 2 M306\\Fyt\\5_Applicativo\\vendor\\laravel\\framework\\src\\Illuminate\\Http\\Response.php(35): Illuminate\\Http\\Response->setContent(Object(Illuminate\\View\\View))
#12 D:\\Scuola\\TERZA\\M306\\Progetto 2 M306\\Fyt\\5_Applicativo\\vendor\\laravel\\framework\\src\\Illuminate\\Routing\\Router.php(920): Illuminate\\Http\\Response->__construct(Object(Illuminate\\View\\View), 200, Array)
#13 D:\\Scuola\\TERZA\\M306\\Progetto 2 M306\\Fyt\\5_Applicativo\\vendor\\laravel\\framework\\src\\Illuminate\\Routing\\Router.php(887): Illuminate\\Routing\\Router::toResponse(Object(Illuminate\\Http\\Request), Object(Illuminate\\View\\View))
#14 D:\\Scuola\\TERZA\\M306\\Progetto 2 M306\\Fyt\\5_Applicativo\\vendor\\laravel\\framework\\src\\Illuminate\\Routing\\Router.php(807): Illuminate\\Routing\\Router->prepareResponse(Object(Illuminate\\Http\\Request), Object(Illuminate\\View\\View))
#15 D:\\Scuola\\TERZA\\M306\\Progetto 2 M306\\Fyt\\5_Applicativo\\vendor\\laravel\\framework\\src\\Illuminate\\Pipeline\\Pipeline.php(170): Illuminate\\Routing\\Router->Illuminate\\Routing\\{closure}(Object(Illuminate\\Http\\Request))
#16 D:\\Scuola\\TERZA\\M306\\Progetto 2 M306\\Fyt\\5_Applicativo\\vendor\\laravel\\framework\\src\\Illuminate\\Routing\\Middleware\\SubstituteBindings.php(51): Illuminate\\Pipeline\\Pipeline->Illuminate\\Pipeline\\{closure}(Object(Illuminate\\Http\\Request))
#17 D:\\Scuola\\TERZA\\M306\\Progetto 2 M306\\Fyt\\5_Applicativo\\vendor\\laravel\\framework\\src\\Illuminate\\Pipeline\\Pipeline.php(209): Illuminate\\Routing\\Middleware\\SubstituteBindings->handle(Object(Illuminate\\Http\\Request), Object(Closure))
#18 D:\\Scuola\\TERZA\\M306\\Progetto 2 M306\\Fyt\\5_Applicativo\\vendor\\laravel\\framework\\src\\Illuminate\\Foundation\\Http\\Middleware\\VerifyCsrfToken.php(88): Illuminate\\Pipeline\\Pipeline->Illuminate\\Pipeline\\{closure}(Object(Illuminate\\Http\\Request))
#19 D:\\Scuola\\TERZA\\M306\\Progetto 2 M306\\Fyt\\5_Applicativo\\vendor\\laravel\\framework\\src\\Illuminate\\Pipeline\\Pipeline.php(209): Illuminate\\Foundation\\Http\\Middleware\\VerifyCsrfToken->handle(Object(Illuminate\\Http\\Request), Object(Closure))
#20 D:\\Scuola\\TERZA\\M306\\Progetto 2 M306\\Fyt\\5_Applicativo\\vendor\\laravel\\framework\\src\\Illuminate\\View\\Middleware\\ShareErrorsFromSession.php(49): Illuminate\\Pipeline\\Pipeline->Illuminate\\Pipeline\\{closure}(Object(Illuminate\\Http\\Request))
#21 D:\\Scuola\\TERZA\\M306\\Progetto 2 M306\\Fyt\\5_Applicativo\\vendor\\laravel\\framework\\src\\Illuminate\\Pipeline\\Pipeline.php(209): Illuminate\\View\\Middleware\\ShareErrorsFromSession->handle(Object(Illuminate\\Http\\Request), Object(Closure))
#22 D:\\Scuola\\TERZA\\M306\\Progetto 2 M306\\Fyt\\5_Applicativo\\vendor\\laravel\\framework\\src\\Illuminate\\Session\\Middleware\\StartSession.php(121): Illuminate\\Pipeline\\Pipeline->Illuminate\\Pipeline\\{closure}(Object(Illuminate\\Http\\Request))
#23 D:\\Scuola\\TERZA\\M306\\Progetto 2 M306\\Fyt\\5_Applicativo\\vendor\\laravel\\framework\\src\\Illuminate\\Session\\Middleware\\StartSession.php(64): Illuminate\\Session\\Middleware\\StartSession->handleStatefulRequest(Object(Illuminate\\Http\\Request), Object(Illuminate\\Session\\Store), Object(Closure))
#24 D:\\Scuola\\TERZA\\M306\\Progetto 2 M306\\Fyt\\5_Applicativo\\vendor\\laravel\\framework\\src\\Illuminate\\Pipeline\\Pipeline.php(209): Illuminate\\Session\\Middleware\\StartSession->handle(Object(Illuminate\\Http\\Request), Object(Closure))
#25 D:\\Scuola\\TERZA\\M306\\Progetto 2 M306\\Fyt\\5_Applicativo\\vendor\\laravel\\framework\\src\\Illuminate\\Cookie\\Middleware\\AddQueuedCookiesToResponse.php(37): Illuminate\\Pipeline\\Pipeline->Illuminate\\Pipeline\\{closure}(Object(Illuminate\\Http\\Request))
#26 D:\\Scuola\\TERZA\\M306\\Progetto 2 M306\\Fyt\\5_Applicativo\\vendor\\laravel\\framework\\src\\Illuminate\\Pipeline\\Pipeline.php(209): Illuminate\\Cookie\\Middleware\\AddQueuedCookiesToResponse->handle(Object(Illuminate\\Http\\Request), Object(Closure))
#27 D:\\Scuola\\TERZA\\M306\\Progetto 2 M306\\Fyt\\5_Applicativo\\vendor\\laravel\\framework\\src\\Illuminate\\Cookie\\Middleware\\EncryptCookies.php(75): Illuminate\\Pipeline\\Pipeline->Illuminate\\Pipeline\\{closure}(Object(Illuminate\\Http\\Request))
#28 D:\\Scuola\\TERZA\\M306\\Progetto 2 M306\\Fyt\\5_Applicativo\\vendor\\laravel\\framework\\src\\Illuminate\\Pipeline\\Pipeline.php(209): Illuminate\\Cookie\\Middleware\\EncryptCookies->handle(Object(Illuminate\\Http\\Request), Object(Closure))
#29 D:\\Scuola\\TERZA\\M306\\Progetto 2 M306\\Fyt\\5_Applicativo\\vendor\\laravel\\framework\\src\\Illuminate\\Pipeline\\Pipeline.php(127): Illuminate\\Pipeline\\Pipeline->Illuminate\\Pipeline\\{closure}(Object(Illuminate\\Http\\Request))
#30 D:\\Scuola\\TERZA\\M306\\Progetto 2 M306\\Fyt\\5_Applicativo\\vendor\\laravel\\framework\\src\\Illuminate\\Routing\\Router.php(807): Illuminate\\Pipeline\\Pipeline->then(Object(Closure))
#31 D:\\Scuola\\TERZA\\M306\\Progetto 2 M306\\Fyt\\5_Applicativo\\vendor\\laravel\\framework\\src\\Illuminate\\Routing\\Router.php(786): Illuminate\\Routing\\Router->runRouteWithinStack(Object(Illuminate\\Routing\\Route), Object(Illuminate\\Http\\Request))
#32 D:\\Scuola\\TERZA\\M306\\Progetto 2 M306\\Fyt\\5_Applicativo\\vendor\\laravel\\framework\\src\\Illuminate\\Routing\\Router.php(750): Illuminate\\Routing\\Router->runRoute(Object(Illuminate\\Http\\Request), Object(Illuminate\\Routing\\Route))
#33 D:\\Scuola\\TERZA\\M306\\Progetto 2 M306\\Fyt\\5_Applicativo\\vendor\\laravel\\framework\\src\\Illuminate\\Routing\\Router.php(739): Illuminate\\Routing\\Router->dispatchToRoute(Object(Illuminate\\Http\\Request))
#34 D:\\Scuola\\TERZA\\M306\\Progetto 2 M306\\Fyt\\5_Applicativo\\vendor\\laravel\\framework\\src\\Illuminate\\Foundation\\Http\\Kernel.php(201): Illuminate\\Routing\\Router->dispatch(Object(Illuminate\\Http\\Request))
#35 D:\\Scuola\\TERZA\\M306\\Progetto 2 M306\\Fyt\\5_Applicativo\\vendor\\laravel\\framework\\src\\Illuminate\\Pipeline\\Pipeline.php(170): Illuminate\\Foundation\\Http\\Kernel->Illuminate\\Foundation\\Http\\{closure}(Object(Illuminate\\Http\\Request))
#36 D:\\Scuola\\TERZA\\M306\\Progetto 2 M306\\Fyt\\5_Applicativo\\vendor\\laravel\\framework\\src\\Illuminate\\Foundation\\Http\\Middleware\\TransformsRequest.php(21): Illuminate\\Pipeline\\Pipeline->Illuminate\\Pipeline\\{closure}(Object(Illuminate\\Http\\Request))
#37 D:\\Scuola\\TERZA\\M306\\Progetto 2 M306\\Fyt\\5_Applicativo\\vendor\\laravel\\framework\\src\\Illuminate\\Foundation\\Http\\Middleware\\ConvertEmptyStringsToNull.php(31): Illuminate\\Foundation\\Http\\Middleware\\TransformsRequest->handle(Object(Illuminate\\Http\\Request), Object(Closure))
#38 D:\\Scuola\\TERZA\\M306\\Progetto 2 M306\\Fyt\\5_Applicativo\\vendor\\laravel\\framework\\src\\Illuminate\\Pipeline\\Pipeline.php(209): Illuminate\\Foundation\\Http\\Middleware\\ConvertEmptyStringsToNull->handle(Object(Illuminate\\Http\\Request), Object(Closure))
#39 D:\\Scuola\\TERZA\\M306\\Progetto 2 M306\\Fyt\\5_Applicativo\\vendor\\laravel\\framework\\src\\Illuminate\\Foundation\\Http\\Middleware\\TransformsRequest.php(21): Illuminate\\Pipeline\\Pipeline->Illuminate\\Pipeline\\{closure}(Object(Illuminate\\Http\\Request))
#40 D:\\Scuola\\TERZA\\M306\\Progetto 2 M306\\Fyt\\5_Applicativo\\vendor\\laravel\\framework\\src\\Illuminate\\Foundation\\Http\\Middleware\\TrimStrings.php(51): Illuminate\\Foundation\\Http\\Middleware\\TransformsRequest->handle(Object(Illuminate\\Http\\Request), Object(Closure))
#41 D:\\Scuola\\TERZA\\M306\\Progetto 2 M306\\Fyt\\5_Applicativo\\vendor\\laravel\\framework\\src\\Illuminate\\Pipeline\\Pipeline.php(209): Illuminate\\Foundation\\Http\\Middleware\\TrimStrings->handle(Object(Illuminate\\Http\\Request), Object(Closure))
#42 D:\\Scuola\\TERZA\\M306\\Progetto 2 M306\\Fyt\\5_Applicativo\\vendor\\laravel\\framework\\src\\Illuminate\\Http\\Middleware\\ValidatePostSize.php(27): Illuminate\\Pipeline\\Pipeline->Illuminate\\Pipeline\\{closure}(Object(Illuminate\\Http\\Request))
#43 D:\\Scuola\\TERZA\\M306\\Progetto 2 M306\\Fyt\\5_Applicativo\\vendor\\laravel\\framework\\src\\Illuminate\\Pipeline\\Pipeline.php(209): Illuminate\\Http\\Middleware\\ValidatePostSize->handle(Object(Illuminate\\Http\\Request), Object(Closure))
#44 D:\\Scuola\\TERZA\\M306\\Progetto 2 M306\\Fyt\\5_Applicativo\\vendor\\laravel\\framework\\src\\Illuminate\\Foundation\\Http\\Middleware\\PreventRequestsDuringMaintenance.php(110): Illuminate\\Pipeline\\Pipeline->Illuminate\\Pipeline\\{closure}(Object(Illuminate\\Http\\Request))
#45 D:\\Scuola\\TERZA\\M306\\Progetto 2 M306\\Fyt\\5_Applicativo\\vendor\\laravel\\framework\\src\\Illuminate\\Pipeline\\Pipeline.php(209): Illuminate\\Foundation\\Http\\Middleware\\PreventRequestsDuringMaintenance->handle(Object(Illuminate\\Http\\Request), Object(Closure))
#46 D:\\Scuola\\TERZA\\M306\\Progetto 2 M306\\Fyt\\5_Applicativo\\vendor\\laravel\\framework\\src\\Illuminate\\Http\\Middleware\\HandleCors.php(49): Illuminate\\Pipeline\\Pipeline->Illuminate\\Pipeline\\{closure}(Object(Illuminate\\Http\\Request))
#47 D:\\Scuola\\TERZA\\M306\\Progetto 2 M306\\Fyt\\5_Applicativo\\vendor\\laravel\\framework\\src\\Illuminate\\Pipeline\\Pipeline.php(209): Illuminate\\Http\\Middleware\\HandleCors->handle(Object(Illuminate\\Http\\Request), Object(Closure))
#48 D:\\Scuola\\TERZA\\M306\\Progetto 2 M306\\Fyt\\5_Applicativo\\vendor\\laravel\\framework\\src\\Illuminate\\Http\\Middleware\\TrustProxies.php(58): Illuminate\\Pipeline\\Pipeline->Illuminate\\Pipeline\\{closure}(Object(Illuminate\\Http\\Request))
#49 D:\\Scuola\\TERZA\\M306\\Progetto 2 M306\\Fyt\\5_Applicativo\\vendor\\laravel\\framework\\src\\Illuminate\\Pipeline\\Pipeline.php(209): Illuminate\\Http\\Middleware\\TrustProxies->handle(Object(Illuminate\\Http\\Request), Object(Closure))
#50 D:\\Scuola\\TERZA\\M306\\Progetto 2 M306\\Fyt\\5_Applicativo\\vendor\\laravel\\framework\\src\\Illuminate\\Foundation\\Http\\Middleware\\InvokeDeferredCallbacks.php(22): Illuminate\\Pipeline\\Pipeline->Illuminate\\Pipeline\\{closure}(Object(Illuminate\\Http\\Request))
#51 D:\\Scuola\\TERZA\\M306\\Progetto 2 M306\\Fyt\\5_Applicativo\\vendor\\laravel\\framework\\src\\Illuminate\\Pipeline\\Pipeline.php(209): Illuminate\\Foundation\\Http\\Middleware\\InvokeDeferredCallbacks->handle(Object(Illuminate\\Http\\Request), Object(Closure))
#52 D:\\Scuola\\TERZA\\M306\\Progetto 2 M306\\Fyt\\5_Applicativo\\vendor\\laravel\\framework\\src\\Illuminate\\Pipeline\\Pipeline.php(127): Illuminate\\Pipeline\\Pipeline->Illuminate\\Pipeline\\{closure}(Object(Illuminate\\Http\\Request))
#53 D:\\Scuola\\TERZA\\M306\\Progetto 2 M306\\Fyt\\5_Applicativo\\vendor\\laravel\\framework\\src\\Illuminate\\Foundation\\Http\\Kernel.php(176): Illuminate\\Pipeline\\Pipeline->then(Object(Closure))
#54 D:\\Scuola\\TERZA\\M306\\Progetto 2 M306\\Fyt\\5_Applicativo\\vendor\\laravel\\framework\\src\\Illuminate\\Foundation\\Http\\Kernel.php(145): Illuminate\\Foundation\\Http\\Kernel->sendRequestThroughRouter(Object(Illuminate\\Http\\Request))
#55 D:\\Scuola\\TERZA\\M306\\Progetto 2 M306\\Fyt\\5_Applicativo\\vendor\\laravel\\framework\\src\\Illuminate\\Foundation\\Application.php(1220): Illuminate\\Foundation\\Http\\Kernel->handle(Object(Illuminate\\Http\\Request))
#56 D:\\Scuola\\TERZA\\M306\\Progetto 2 M306\\Fyt\\5_Applicativo\\public\\index.php(17): Illuminate\\Foundation\\Application->handleRequest(Object(Illuminate\\Http\\Request))
#57 D:\\Scuola\\TERZA\\M306\\Progetto 2 M306\\Fyt\\5_Applicativo\\vendor\\laravel\\framework\\src\\Illuminate\\Foundation\\resources\\server.php(23): require_once('D:\\\\Scuola\\\\TERZA...')
#58 {main}
"} 
